INSERT INTO Colony (colony_id, name, established_date) VALUES (1, 'Barton, Hodges and Stewart', '2004-07-05');
INSERT INTO Colony (colony_id, name, established_date) VALUES (2, 'Klein, Reed and Nguyen', '2012-04-10');
INSERT INTO Colony (colony_id, name, established_date) VALUES (3, 'Vargas, Johnson and Thompson', '2014-07-26');
INSERT INTO Colony (colony_id, name, established_date) VALUES (4, 'Johnson and Sons', '2017-11-12');
INSERT INTO Colony (colony_id, name, established_date) VALUES (5, 'Henry-Fuller', '2000-09-14');
INSERT INTO Colony (colony_id, name, established_date) VALUES (6, 'Lawrence Inc', '2003-10-30');
INSERT INTO Colony (colony_id, name, established_date) VALUES (7, 'Knight, Clark and Hall', '2004-05-25');
INSERT INTO Colony (colony_id, name, established_date) VALUES (8, 'Lewis, Pham and Rangel', '2002-08-02');
INSERT INTO Colony (colony_id, name, established_date) VALUES (9, 'Carr Ltd', '2005-12-31');
INSERT INTO Colony (colony_id, name, established_date) VALUES (10, 'Owen-Johnson', '2021-10-28');
INSERT INTO Colony (colony_id, name, established_date) VALUES (11, 'Bates LLC', '2003-05-13');
INSERT INTO Colony (colony_id, name, established_date) VALUES (12, 'Spencer, Moore and King', '2002-09-07');
INSERT INTO Colony (colony_id, name, established_date) VALUES (13, 'Flores LLC', '2016-12-30');
INSERT INTO Colony (colony_id, name, established_date) VALUES (14, 'Page-Williams', '2003-02-28');
INSERT INTO Colony (colony_id, name, established_date) VALUES (15, 'Cook-Johnson', '2010-12-07');
INSERT INTO Colony (colony_id, name, established_date) VALUES (16, 'Castro-Baker', '2013-06-13');
INSERT INTO Colony (colony_id, name, established_date) VALUES (17, 'Hernandez, Andersen and Sanchez', '2003-01-11');
INSERT INTO Colony (colony_id, name, established_date) VALUES (18, 'Hoffman, Hall and Lewis', '2006-09-30');
INSERT INTO Colony (colony_id, name, established_date) VALUES (19, 'Walton, Allen and Anderson', '2011-02-15');
INSERT INTO Colony (colony_id, name, established_date) VALUES (20, 'Brown-Massey', '2011-11-27');
INSERT INTO Colony (colony_id, name, established_date) VALUES (21, 'Brown PLC', '2022-01-02');
INSERT INTO Colony (colony_id, name, established_date) VALUES (22, 'Alvarez and Sons', '2000-09-29');
INSERT INTO Colony (colony_id, name, established_date) VALUES (23, 'Francis, Rogers and Orr', '2017-02-02');
INSERT INTO Colony (colony_id, name, established_date) VALUES (24, 'Baker Ltd', '2010-09-26');
INSERT INTO Colony (colony_id, name, established_date) VALUES (25, 'Mora, Castaneda and Hansen', '2019-02-18');
INSERT INTO Colony (colony_id, name, established_date) VALUES (26, 'Williams-Bates', '2023-09-15');
INSERT INTO Colony (colony_id, name, established_date) VALUES (27, 'Rogers, Livingston and Coleman', '2017-04-12');
INSERT INTO Colony (colony_id, name, established_date) VALUES (28, 'Foster LLC', '2006-09-26');
INSERT INTO Colony (colony_id, name, established_date) VALUES (29, 'Walsh, Miller and Obrien', '2023-10-12');
INSERT INTO Colony (colony_id, name, established_date) VALUES (30, 'Crawford and Sons', '2004-05-05');
INSERT INTO Colony (colony_id, name, established_date) VALUES (31, 'Kim, Wade and Stout', '2003-09-16');
INSERT INTO Colony (colony_id, name, established_date) VALUES (32, 'Christian-Gonzalez', '2022-06-27');
INSERT INTO Colony (colony_id, name, established_date) VALUES (33, 'Schwartz Group', '2013-03-06');
INSERT INTO Colony (colony_id, name, established_date) VALUES (34, 'Gutierrez, Smith and Bernard', '2016-05-09');
INSERT INTO Colony (colony_id, name, established_date) VALUES (35, 'Lawrence-Peck', '2006-09-23');
INSERT INTO Colony (colony_id, name, established_date) VALUES (36, 'Nunez, Kline and Bates', '2010-06-21');
INSERT INTO Colony (colony_id, name, established_date) VALUES (37, 'Smith PLC', '2010-04-29');
INSERT INTO Colony (colony_id, name, established_date) VALUES (38, 'Wilson-Oneill', '2001-05-03');
INSERT INTO Colony (colony_id, name, established_date) VALUES (39, 'Montoya, Williams and Wood', '2016-02-08');
INSERT INTO Colony (colony_id, name, established_date) VALUES (40, 'Gordon and Sons', '2001-05-31');
INSERT INTO Colony (colony_id, name, established_date) VALUES (41, 'Torres-Richardson', '2006-02-02');
INSERT INTO Colony (colony_id, name, established_date) VALUES (42, 'Brown PLC', '2021-09-18');
INSERT INTO Colony (colony_id, name, established_date) VALUES (43, 'Wagner-Bailey', '2024-03-16');
INSERT INTO Colony (colony_id, name, established_date) VALUES (44, 'Thomas Group', '2011-06-03');
INSERT INTO Colony (colony_id, name, established_date) VALUES (45, 'Patel-Martinez', '2009-10-24');
INSERT INTO Colony (colony_id, name, established_date) VALUES (46, 'Padilla-James', '2000-03-21');
INSERT INTO Colony (colony_id, name, established_date) VALUES (47, 'Medina, Ortega and Harrison', '2006-08-31');
INSERT INTO Colony (colony_id, name, established_date) VALUES (48, 'Rose, Smith and Logan', '2018-02-03');
INSERT INTO Colony (colony_id, name, established_date) VALUES (49, 'Cherry, Ellison and Miller', '2011-02-15');
INSERT INTO Colony (colony_id, name, established_date) VALUES (50, 'Townsend-Cooper', '2018-09-24');
INSERT INTO Colony (colony_id, name, established_date) VALUES (51, 'Marquez Group', '2020-11-28');
INSERT INTO Colony (colony_id, name, established_date) VALUES (52, 'Martin-Hart', '2025-02-19');
INSERT INTO Colony (colony_id, name, established_date) VALUES (53, 'Koch-Stevens', '2001-03-16');
INSERT INTO Colony (colony_id, name, established_date) VALUES (54, 'Morrison, Jackson and Miller', '2015-06-28');
INSERT INTO Colony (colony_id, name, established_date) VALUES (55, 'Jones Ltd', '2022-02-05');
INSERT INTO Colony (colony_id, name, established_date) VALUES (56, 'Avery, Lyons and Miller', '2021-06-09');
INSERT INTO Colony (colony_id, name, established_date) VALUES (57, 'Morton Inc', '2003-05-14');
INSERT INTO Colony (colony_id, name, established_date) VALUES (58, 'Kelly Group', '2016-04-24');
INSERT INTO Colony (colony_id, name, established_date) VALUES (59, 'Shepard Group', '2016-07-27');
INSERT INTO Colony (colony_id, name, established_date) VALUES (60, 'Cummings, Johnson and Ryan', '2008-01-08');
INSERT INTO Colony (colony_id, name, established_date) VALUES (61, 'Davis-Torres', '2008-06-03');
INSERT INTO Colony (colony_id, name, established_date) VALUES (62, 'Luna Group', '2004-10-03');
INSERT INTO Colony (colony_id, name, established_date) VALUES (63, 'Allen PLC', '2014-03-29');
INSERT INTO Colony (colony_id, name, established_date) VALUES (64, 'Smith, Bailey and Clark', '2018-08-15');
INSERT INTO Colony (colony_id, name, established_date) VALUES (65, 'Nielsen LLC', '2000-04-10');
INSERT INTO Colony (colony_id, name, established_date) VALUES (66, 'Anderson Inc', '2021-08-25');
INSERT INTO Colony (colony_id, name, established_date) VALUES (67, 'Crosby-Brown', '2025-03-11');
INSERT INTO Colony (colony_id, name, established_date) VALUES (68, 'Ross, Ellis and Murphy', '2011-02-24');
INSERT INTO Colony (colony_id, name, established_date) VALUES (69, 'Larson-Williams', '2015-07-31');
INSERT INTO Colony (colony_id, name, established_date) VALUES (70, 'Harper-Harper', '2004-09-14');
INSERT INTO Colony (colony_id, name, established_date) VALUES (71, 'Fischer, Kemp and Thornton', '2019-01-17');
INSERT INTO Colony (colony_id, name, established_date) VALUES (72, 'Potts, Moody and Odom', '2019-05-02');
INSERT INTO Colony (colony_id, name, established_date) VALUES (73, 'Berry, Ellis and Smith', '2020-07-10');
INSERT INTO Colony (colony_id, name, established_date) VALUES (74, 'Cook Ltd', '2014-05-18');
INSERT INTO Colony (colony_id, name, established_date) VALUES (75, 'Richards Inc', '2003-02-01');
INSERT INTO Colony (colony_id, name, established_date) VALUES (76, 'Rodriguez, Bridges and Obrien', '2009-08-18');
INSERT INTO Colony (colony_id, name, established_date) VALUES (77, 'Nguyen-Jackson', '2019-09-10');
INSERT INTO Colony (colony_id, name, established_date) VALUES (78, 'Mejia, Thompson and Kennedy', '2000-05-03');
INSERT INTO Colony (colony_id, name, established_date) VALUES (79, 'Smith LLC', '2001-02-21');
INSERT INTO Colony (colony_id, name, established_date) VALUES (80, 'Serrano-Martin', '2013-06-05');
INSERT INTO Colony (colony_id, name, established_date) VALUES (81, 'Mitchell-Reid', '2010-01-21');
INSERT INTO Colony (colony_id, name, established_date) VALUES (82, 'Hodges Group', '2000-11-27');
INSERT INTO Colony (colony_id, name, established_date) VALUES (83, 'Dixon-Brooks', '2025-02-26');
INSERT INTO Colony (colony_id, name, established_date) VALUES (84, 'Walter Inc', '2002-05-02');
INSERT INTO Colony (colony_id, name, established_date) VALUES (85, 'Berry-Gray', '2009-02-03');
INSERT INTO Colony (colony_id, name, established_date) VALUES (86, 'Watkins, Reyes and Donaldson', '2013-02-18');
INSERT INTO Colony (colony_id, name, established_date) VALUES (87, 'Stone-Strong', '2000-10-05');
INSERT INTO Colony (colony_id, name, established_date) VALUES (88, 'Morgan Ltd', '2011-05-22');
INSERT INTO Colony (colony_id, name, established_date) VALUES (89, 'Wagner Inc', '2016-11-01');
INSERT INTO Colony (colony_id, name, established_date) VALUES (90, 'Newton-Hamilton', '2007-04-12');
INSERT INTO Colony (colony_id, name, established_date) VALUES (91, 'Moore-Cross', '2003-01-18');
INSERT INTO Colony (colony_id, name, established_date) VALUES (92, 'Morgan-Gonzalez', '2022-03-06');
INSERT INTO Colony (colony_id, name, established_date) VALUES (93, 'Cook, Smith and Johnson', '2007-11-05');
INSERT INTO Colony (colony_id, name, established_date) VALUES (94, 'Harris, Johnson and Acosta', '2011-07-06');
INSERT INTO Colony (colony_id, name, established_date) VALUES (95, 'Brown, Stephens and Sanchez', '2023-12-22');
INSERT INTO Colony (colony_id, name, established_date) VALUES (96, 'Thomas Group', '2008-04-03');
INSERT INTO Colony (colony_id, name, established_date) VALUES (97, 'Colon, White and French', '2024-04-05');
INSERT INTO Colony (colony_id, name, established_date) VALUES (98, 'Robinson-Bradford', '2006-10-12');
INSERT INTO Colony (colony_id, name, established_date) VALUES (99, 'Miranda-Hebert', '2016-01-10');
INSERT INTO Colony (colony_id, name, established_date) VALUES (100, 'Santos, Daniels and Flynn', '2024-07-10');
INSERT INTO Colony (colony_id, name, established_date) VALUES (101, 'Hernandez, Chandler and Burgess', '2012-03-18');
INSERT INTO Colony (colony_id, name, established_date) VALUES (102, 'Rangel-Marks', '2000-08-15');
INSERT INTO Colony (colony_id, name, established_date) VALUES (103, 'Bryant, Vega and Hobbs', '2001-11-14');
INSERT INTO Colony (colony_id, name, established_date) VALUES (104, 'Taylor PLC', '2003-01-01');
INSERT INTO Colony (colony_id, name, established_date) VALUES (105, 'Sheppard Ltd', '2025-01-18');
INSERT INTO Colony (colony_id, name, established_date) VALUES (106, 'Fernandez, Mejia and Hernandez', '2000-05-01');
INSERT INTO Colony (colony_id, name, established_date) VALUES (107, 'Ramos LLC', '2015-01-12');
INSERT INTO Colony (colony_id, name, established_date) VALUES (108, 'Johnson and Sons', '2022-09-28');
INSERT INTO Colony (colony_id, name, established_date) VALUES (109, 'Matthews, Wong and Sparks', '2023-05-09');
INSERT INTO Colony (colony_id, name, established_date) VALUES (110, 'Smith, Scott and Miller', '2002-05-05');
INSERT INTO Colony (colony_id, name, established_date) VALUES (111, 'Murphy, Robinson and Hines', '2015-03-30');
INSERT INTO Colony (colony_id, name, established_date) VALUES (112, 'Dixon-Stanley', '2011-03-06');
INSERT INTO Colony (colony_id, name, established_date) VALUES (113, 'Gutierrez, Blackwell and Cunningham', '2015-12-24');
INSERT INTO Colony (colony_id, name, established_date) VALUES (114, 'Walker-Quinn', '2008-12-02');
INSERT INTO Colony (colony_id, name, established_date) VALUES (115, 'Miranda, Rivers and Scott', '2001-12-14');
INSERT INTO Colony (colony_id, name, established_date) VALUES (116, 'Monroe-Coleman', '2014-01-11');
INSERT INTO Colony (colony_id, name, established_date) VALUES (117, 'Davis LLC', '2021-10-13');
INSERT INTO Colony (colony_id, name, established_date) VALUES (118, 'Thomas-Cross', '2011-11-18');
INSERT INTO Colony (colony_id, name, established_date) VALUES (119, 'Sanford, Lee and Smith', '2007-03-23');
INSERT INTO Colony (colony_id, name, established_date) VALUES (120, 'Galvan, Miranda and Johnson', '2018-12-18');
INSERT INTO Colony (colony_id, name, established_date) VALUES (121, 'Bailey Group', '2018-07-08');
INSERT INTO Colony (colony_id, name, established_date) VALUES (122, 'Stewart, George and Lewis', '2003-07-31');
INSERT INTO Colony (colony_id, name, established_date) VALUES (123, 'Clark-Stevens', '2013-05-22');
INSERT INTO Colony (colony_id, name, established_date) VALUES (124, 'Brown-Yang', '2007-09-12');
INSERT INTO Colony (colony_id, name, established_date) VALUES (125, 'Garrett-Kelly', '2014-03-21');
INSERT INTO Colony (colony_id, name, established_date) VALUES (126, 'Perez-Thomas', '2005-10-02');
INSERT INTO Colony (colony_id, name, established_date) VALUES (127, 'Hatfield, Melendez and Jones', '2022-11-07');
INSERT INTO Colony (colony_id, name, established_date) VALUES (128, 'Clements LLC', '2009-02-15');
INSERT INTO Colony (colony_id, name, established_date) VALUES (129, 'Ayala, Thomas and Richardson', '2024-11-19');
INSERT INTO Colony (colony_id, name, established_date) VALUES (130, 'Ryan-Peters', '2009-01-10');
INSERT INTO Colony (colony_id, name, established_date) VALUES (131, 'Brooks Group', '2022-11-28');
INSERT INTO Colony (colony_id, name, established_date) VALUES (132, 'Baker LLC', '2007-05-22');
INSERT INTO Colony (colony_id, name, established_date) VALUES (133, 'Kerr-Esparza', '2018-06-22');
INSERT INTO Colony (colony_id, name, established_date) VALUES (134, 'Dean LLC', '2019-08-05');
INSERT INTO Colony (colony_id, name, established_date) VALUES (135, 'Frank, Gill and Turner', '2017-11-18');
INSERT INTO Colony (colony_id, name, established_date) VALUES (136, 'Jordan, Hood and Wilkerson', '2013-12-20');
INSERT INTO Colony (colony_id, name, established_date) VALUES (137, 'Collins Ltd', '2009-11-17');
INSERT INTO Colony (colony_id, name, established_date) VALUES (138, 'Snow-Ryan', '2024-09-23');
INSERT INTO Colony (colony_id, name, established_date) VALUES (139, 'Thomas-Montoya', '2022-12-23');
INSERT INTO Colony (colony_id, name, established_date) VALUES (140, 'Mccoy LLC', '2012-07-01');
INSERT INTO Colony (colony_id, name, established_date) VALUES (141, 'Mcgee, Thompson and James', '2015-11-16');
INSERT INTO Colony (colony_id, name, established_date) VALUES (142, 'Bailey LLC', '2000-02-08');
INSERT INTO Colony (colony_id, name, established_date) VALUES (143, 'Ramirez Group', '2000-11-07');
INSERT INTO Colony (colony_id, name, established_date) VALUES (144, 'Silva-Wilson', '2024-07-08');
INSERT INTO Colony (colony_id, name, established_date) VALUES (145, 'Carter, Blackwell and Hill', '2012-02-27');
INSERT INTO Colony (colony_id, name, established_date) VALUES (146, 'Gibbs Inc', '2007-05-27');
INSERT INTO Colony (colony_id, name, established_date) VALUES (147, 'Davis, Fisher and Gardner', '2024-08-01');
INSERT INTO Colony (colony_id, name, established_date) VALUES (148, 'Rogers-Butler', '2023-08-30');
INSERT INTO Colony (colony_id, name, established_date) VALUES (149, 'Miller-Armstrong', '2017-11-06');
INSERT INTO Colony (colony_id, name, established_date) VALUES (150, 'Ramos-Phillips', '2019-02-10');
INSERT INTO Colony (colony_id, name, established_date) VALUES (151, 'Brown, Andrews and Reynolds', '2004-11-07');
INSERT INTO Colony (colony_id, name, established_date) VALUES (152, 'Stone-Marshall', '2019-01-28');
INSERT INTO Colony (colony_id, name, established_date) VALUES (153, 'Roman Ltd', '2015-04-23');
INSERT INTO Colony (colony_id, name, established_date) VALUES (154, 'Mcclain PLC', '2018-01-31');
INSERT INTO Colony (colony_id, name, established_date) VALUES (155, 'Wilson Inc', '2006-04-05');
INSERT INTO Colony (colony_id, name, established_date) VALUES (156, 'Neal Ltd', '2005-04-27');
INSERT INTO Colony (colony_id, name, established_date) VALUES (157, 'Scott PLC', '2011-02-28');
INSERT INTO Colony (colony_id, name, established_date) VALUES (158, 'Thompson, Kramer and Johnson', '2014-01-08');
INSERT INTO Colony (colony_id, name, established_date) VALUES (159, 'Miller LLC', '2016-03-05');
INSERT INTO Colony (colony_id, name, established_date) VALUES (160, 'Lee Inc', '2004-10-09');
INSERT INTO Colony (colony_id, name, established_date) VALUES (161, 'Rowland, Reyes and Ortega', '2016-06-05');
INSERT INTO Colony (colony_id, name, established_date) VALUES (162, 'Beard Ltd', '2018-12-29');
INSERT INTO Colony (colony_id, name, established_date) VALUES (163, 'James-Baker', '2016-08-15');
INSERT INTO Colony (colony_id, name, established_date) VALUES (164, 'Valentine-Riggs', '2021-12-07');
INSERT INTO Colony (colony_id, name, established_date) VALUES (165, 'Martinez Group', '2009-08-17');
INSERT INTO Colony (colony_id, name, established_date) VALUES (166, 'Jones Ltd', '2002-09-28');
INSERT INTO Colony (colony_id, name, established_date) VALUES (167, 'Tucker, Goodwin and Cardenas', '2014-05-10');
INSERT INTO Colony (colony_id, name, established_date) VALUES (168, 'Gentry, Decker and Hall', '2009-09-13');
INSERT INTO Colony (colony_id, name, established_date) VALUES (169, 'Hernandez-Jones', '2012-01-27');
INSERT INTO Colony (colony_id, name, established_date) VALUES (170, 'Lopez-Jones', '2003-06-10');
INSERT INTO Colony (colony_id, name, established_date) VALUES (171, 'Hunt-Martin', '2023-02-02');
INSERT INTO Colony (colony_id, name, established_date) VALUES (172, 'Fox-Owens', '2001-01-28');
INSERT INTO Colony (colony_id, name, established_date) VALUES (173, 'Hendricks-White', '2017-01-27');
INSERT INTO Colony (colony_id, name, established_date) VALUES (174, 'Fitzpatrick-Peters', '2009-08-02');
INSERT INTO Colony (colony_id, name, established_date) VALUES (175, 'Fowler, Stewart and Brown', '2009-03-09');
INSERT INTO Colony (colony_id, name, established_date) VALUES (176, 'Smith-Dunlap', '2010-05-03');
INSERT INTO Colony (colony_id, name, established_date) VALUES (177, 'Ingram LLC', '2024-10-15');
INSERT INTO Colony (colony_id, name, established_date) VALUES (178, 'Lee, Daniels and Howard', '2006-03-16');
INSERT INTO Colony (colony_id, name, established_date) VALUES (179, 'Bell Group', '2016-03-09');
INSERT INTO Colony (colony_id, name, established_date) VALUES (180, 'Ramirez, Baker and Perry', '2013-04-28');
INSERT INTO Colony (colony_id, name, established_date) VALUES (181, 'Hernandez, Walter and Mcbride', '2013-10-06');
INSERT INTO Colony (colony_id, name, established_date) VALUES (182, 'Wright LLC', '2022-04-06');
INSERT INTO Colony (colony_id, name, established_date) VALUES (183, 'Wiggins-Adams', '2023-06-06');
INSERT INTO Colony (colony_id, name, established_date) VALUES (184, 'Jones-Austin', '2012-11-30');
INSERT INTO Colony (colony_id, name, established_date) VALUES (185, 'Gay, Andrade and Young', '2003-12-07');
INSERT INTO Colony (colony_id, name, established_date) VALUES (186, 'Porter, Harrison and Hall', '2021-01-28');
INSERT INTO Colony (colony_id, name, established_date) VALUES (187, 'Norton-Williams', '2017-04-11');
INSERT INTO Colony (colony_id, name, established_date) VALUES (188, 'Schmidt, Potter and Carey', '2024-03-23');
INSERT INTO Colony (colony_id, name, established_date) VALUES (189, 'Lane LLC', '2006-03-27');
INSERT INTO Colony (colony_id, name, established_date) VALUES (190, 'Calhoun, Walker and Bennett', '2010-09-26');
INSERT INTO Colony (colony_id, name, established_date) VALUES (191, 'Barr, Jackson and Harper', '2004-06-03');
INSERT INTO Colony (colony_id, name, established_date) VALUES (192, 'Hanson-Mcdonald', '2020-05-26');
INSERT INTO Colony (colony_id, name, established_date) VALUES (193, 'Tate Inc', '2020-01-13');
INSERT INTO Colony (colony_id, name, established_date) VALUES (194, 'Turner Group', '2024-09-29');
INSERT INTO Colony (colony_id, name, established_date) VALUES (195, 'Clark-Jenkins', '2007-11-16');
INSERT INTO Colony (colony_id, name, established_date) VALUES (196, 'Becker, Ross and Terrell', '2008-12-17');
INSERT INTO Colony (colony_id, name, established_date) VALUES (197, 'Nguyen PLC', '2007-04-02');
INSERT INTO Colony (colony_id, name, established_date) VALUES (198, 'Wells and Sons', '2009-11-25');
INSERT INTO Colony (colony_id, name, established_date) VALUES (199, 'Carlson PLC', '2024-11-29');
INSERT INTO Colony (colony_id, name, established_date) VALUES (200, 'Houston and Sons', '2021-07-24');
INSERT INTO Colony (colony_id, name, established_date) VALUES (201, 'Rogers, Mitchell and Jimenez', '2002-07-23');
INSERT INTO Colony (colony_id, name, established_date) VALUES (202, 'Chapman-Vaughan', '2002-05-23');
INSERT INTO Colony (colony_id, name, established_date) VALUES (203, 'Boyer-Barker', '2023-03-16');
INSERT INTO Colony (colony_id, name, established_date) VALUES (204, 'Edwards-Randall', '2008-08-21');
INSERT INTO Colony (colony_id, name, established_date) VALUES (205, 'Conway, Brennan and Barker', '2005-03-29');
INSERT INTO Colony (colony_id, name, established_date) VALUES (206, 'Schneider, Friedman and Mckay', '2001-04-19');
INSERT INTO Colony (colony_id, name, established_date) VALUES (207, 'Le-Rodriguez', '2023-06-22');
INSERT INTO Colony (colony_id, name, established_date) VALUES (208, 'Rodgers PLC', '2006-07-30');
INSERT INTO Colony (colony_id, name, established_date) VALUES (209, 'Gonzalez-Luna', '2008-01-18');
INSERT INTO Colony (colony_id, name, established_date) VALUES (210, 'Rodriguez, Wilcox and Houston', '2022-02-11');
INSERT INTO Colony (colony_id, name, established_date) VALUES (211, 'Peterson PLC', '2004-03-23');
INSERT INTO Colony (colony_id, name, established_date) VALUES (212, 'Jackson-Taylor', '2009-01-17');
INSERT INTO Colony (colony_id, name, established_date) VALUES (213, 'Miller and Sons', '2024-09-16');
INSERT INTO Colony (colony_id, name, established_date) VALUES (214, 'Brown-Mckay', '2010-08-06');
INSERT INTO Colony (colony_id, name, established_date) VALUES (215, 'Anderson Group', '2000-03-04');
INSERT INTO Colony (colony_id, name, established_date) VALUES (216, 'Burke-Santana', '2000-05-25');
INSERT INTO Colony (colony_id, name, established_date) VALUES (217, 'Hess Group', '2010-02-13');
INSERT INTO Colony (colony_id, name, established_date) VALUES (218, 'Campbell-Taylor', '2021-09-19');
INSERT INTO Colony (colony_id, name, established_date) VALUES (219, 'Nielsen-Howard', '2010-09-21');
INSERT INTO Colony (colony_id, name, established_date) VALUES (220, 'Walter Group', '2022-04-18');
INSERT INTO Colony (colony_id, name, established_date) VALUES (221, 'Gonzalez-Mcfarland', '2012-10-22');
INSERT INTO Colony (colony_id, name, established_date) VALUES (222, 'Hardy-Zimmerman', '2011-01-29');
INSERT INTO Colony (colony_id, name, established_date) VALUES (223, 'Vang-Moore', '2004-06-03');
INSERT INTO Colony (colony_id, name, established_date) VALUES (224, 'Wright, Snyder and Strickland', '2002-02-23');
INSERT INTO Colony (colony_id, name, established_date) VALUES (225, 'Johnson-Phillips', '2020-09-11');
INSERT INTO Colony (colony_id, name, established_date) VALUES (226, 'Summers-Banks', '2016-10-31');
INSERT INTO Colony (colony_id, name, established_date) VALUES (227, 'Morris-Harrington', '2010-10-30');
INSERT INTO Colony (colony_id, name, established_date) VALUES (228, 'Murphy-Hill', '2012-03-25');
INSERT INTO Colony (colony_id, name, established_date) VALUES (229, 'Carroll-Castro', '2009-08-19');
INSERT INTO Colony (colony_id, name, established_date) VALUES (230, 'Richardson, Lara and Knight', '2022-06-15');
INSERT INTO Colony (colony_id, name, established_date) VALUES (231, 'Booker PLC', '2016-01-01');
INSERT INTO Colony (colony_id, name, established_date) VALUES (232, 'Curtis-Marquez', '2002-03-31');
INSERT INTO Colony (colony_id, name, established_date) VALUES (233, 'Scott-Poole', '2005-10-22');
INSERT INTO Colony (colony_id, name, established_date) VALUES (234, 'Black Inc', '2019-08-03');
INSERT INTO Colony (colony_id, name, established_date) VALUES (235, 'Foster Group', '2002-11-23');
INSERT INTO Colony (colony_id, name, established_date) VALUES (236, 'Morris-Ray', '2005-09-25');
INSERT INTO Colony (colony_id, name, established_date) VALUES (237, 'Gomez and Sons', '2007-04-26');
INSERT INTO Colony (colony_id, name, established_date) VALUES (238, 'Turner, Watts and Sullivan', '2009-09-04');
INSERT INTO Colony (colony_id, name, established_date) VALUES (239, 'Williams Inc', '2015-08-13');
INSERT INTO Colony (colony_id, name, established_date) VALUES (240, 'Rios Ltd', '2001-06-14');
INSERT INTO Colony (colony_id, name, established_date) VALUES (241, 'Martin, Thompson and Jackson', '2005-11-13');
INSERT INTO Colony (colony_id, name, established_date) VALUES (242, 'Harris, Richardson and Figueroa', '2008-10-31');
INSERT INTO Colony (colony_id, name, established_date) VALUES (243, 'Taylor-Logan', '2013-11-01');
INSERT INTO Colony (colony_id, name, established_date) VALUES (244, 'Hill Ltd', '2021-03-04');
INSERT INTO Colony (colony_id, name, established_date) VALUES (245, 'Vaughan and Sons', '2016-08-26');
INSERT INTO Colony (colony_id, name, established_date) VALUES (246, 'Weber Ltd', '2013-08-03');
INSERT INTO Colony (colony_id, name, established_date) VALUES (247, 'Roberson PLC', '2021-09-02');
INSERT INTO Colony (colony_id, name, established_date) VALUES (248, 'Taylor, Floyd and Daugherty', '2010-10-04');
INSERT INTO Colony (colony_id, name, established_date) VALUES (249, 'Reyes-Simmons', '2017-09-11');
INSERT INTO Colony (colony_id, name, established_date) VALUES (250, 'Cox-Daniels', '2016-09-22');
INSERT INTO Colony (colony_id, name, established_date) VALUES (251, 'Day-Mcconnell', '2012-03-11');
INSERT INTO Colony (colony_id, name, established_date) VALUES (252, 'Ramos and Sons', '2021-08-15');
INSERT INTO Colony (colony_id, name, established_date) VALUES (253, 'Horton-Sanchez', '2012-04-03');
INSERT INTO Colony (colony_id, name, established_date) VALUES (254, 'Juarez and Sons', '2022-12-04');
INSERT INTO Colony (colony_id, name, established_date) VALUES (255, 'Baker LLC', '2020-12-22');
INSERT INTO Colony (colony_id, name, established_date) VALUES (256, 'Taylor PLC', '2021-05-20');
INSERT INTO Colony (colony_id, name, established_date) VALUES (257, 'Brooks Group', '2021-10-19');
INSERT INTO Colony (colony_id, name, established_date) VALUES (258, 'Smith, Bond and Shah', '2000-09-02');
INSERT INTO Colony (colony_id, name, established_date) VALUES (259, 'Anderson, Rogers and Banks', '2014-06-09');
INSERT INTO Colony (colony_id, name, established_date) VALUES (260, 'Weaver-Mccullough', '2017-09-20');
INSERT INTO Colony (colony_id, name, established_date) VALUES (261, 'Hartman LLC', '2019-07-02');
INSERT INTO Colony (colony_id, name, established_date) VALUES (262, 'Hernandez, Odonnell and Myers', '2012-06-08');
INSERT INTO Colony (colony_id, name, established_date) VALUES (263, 'Lee and Sons', '2019-02-07');
INSERT INTO Colony (colony_id, name, established_date) VALUES (264, 'Jones-Noble', '2008-04-19');
INSERT INTO Colony (colony_id, name, established_date) VALUES (265, 'Rivas, Webb and Wagner', '2003-10-11');
INSERT INTO Colony (colony_id, name, established_date) VALUES (266, 'Garrett Group', '2014-10-30');
INSERT INTO Colony (colony_id, name, established_date) VALUES (267, 'Burnett-Brown', '2011-12-05');
INSERT INTO Colony (colony_id, name, established_date) VALUES (268, 'Garcia PLC', '2015-09-11');
INSERT INTO Colony (colony_id, name, established_date) VALUES (269, 'Farrell, Hatfield and Wright', '2000-07-09');
INSERT INTO Colony (colony_id, name, established_date) VALUES (270, 'Molina and Sons', '2007-11-16');
INSERT INTO Colony (colony_id, name, established_date) VALUES (271, 'Miller LLC', '2017-07-08');
INSERT INTO Colony (colony_id, name, established_date) VALUES (272, 'Cooper LLC', '2022-08-15');
INSERT INTO Colony (colony_id, name, established_date) VALUES (273, 'Wyatt-Nguyen', '2006-09-11');
INSERT INTO Colony (colony_id, name, established_date) VALUES (274, 'Watson Group', '2015-02-15');
INSERT INTO Colony (colony_id, name, established_date) VALUES (275, 'Pearson-Oconnor', '2020-02-21');
INSERT INTO Colony (colony_id, name, established_date) VALUES (276, 'Olson-Jones', '2011-08-31');
INSERT INTO Colony (colony_id, name, established_date) VALUES (277, 'Bond-Phillips', '2019-05-04');
INSERT INTO Colony (colony_id, name, established_date) VALUES (278, 'Benson, Douglas and Sandoval', '2009-11-13');
INSERT INTO Colony (colony_id, name, established_date) VALUES (279, 'Curtis, Meyers and Snyder', '2005-01-07');
INSERT INTO Colony (colony_id, name, established_date) VALUES (280, 'Moore LLC', '2003-03-26');
INSERT INTO Colony (colony_id, name, established_date) VALUES (281, 'Gonzalez-Griffith', '2020-12-01');
INSERT INTO Colony (colony_id, name, established_date) VALUES (282, 'Gonzalez-Prince', '2004-12-29');
INSERT INTO Colony (colony_id, name, established_date) VALUES (283, 'Smith and Sons', '2005-11-03');
INSERT INTO Colony (colony_id, name, established_date) VALUES (284, 'Suarez, Wright and Tanner', '2017-12-24');
INSERT INTO Colony (colony_id, name, established_date) VALUES (285, 'Johnson, Johnson and Johnson', '2007-01-29');
INSERT INTO Colony (colony_id, name, established_date) VALUES (286, 'Sutton PLC', '2008-03-04');
INSERT INTO Colony (colony_id, name, established_date) VALUES (287, 'Perkins, Durham and Bryant', '2005-08-05');
INSERT INTO Colony (colony_id, name, established_date) VALUES (288, 'Page and Sons', '2009-07-20');
INSERT INTO Colony (colony_id, name, established_date) VALUES (289, 'Bennett-Richardson', '2009-09-15');
INSERT INTO Colony (colony_id, name, established_date) VALUES (290, 'Horton, Berger and Carroll', '2013-01-05');
INSERT INTO Colony (colony_id, name, established_date) VALUES (291, 'Chavez Group', '2004-08-24');
INSERT INTO Colony (colony_id, name, established_date) VALUES (292, 'Martin, Diaz and Spence', '2025-03-14');
INSERT INTO Colony (colony_id, name, established_date) VALUES (293, 'Grant-Ellis', '2006-03-11');
INSERT INTO Colony (colony_id, name, established_date) VALUES (294, 'Mcdonald Ltd', '2004-03-28');
INSERT INTO Colony (colony_id, name, established_date) VALUES (295, 'Nelson-Jackson', '2003-01-08');
INSERT INTO Colony (colony_id, name, established_date) VALUES (296, 'Chang, Aguilar and Peterson', '2003-07-22');
INSERT INTO Colony (colony_id, name, established_date) VALUES (297, 'Fleming PLC', '2015-09-26');
INSERT INTO Colony (colony_id, name, established_date) VALUES (298, 'Barnes PLC', '2014-03-03');
INSERT INTO Colony (colony_id, name, established_date) VALUES (299, 'Martinez and Sons', '2017-02-01');
INSERT INTO Colony (colony_id, name, established_date) VALUES (300, 'Salas, Pope and Arroyo', '2022-12-16');
INSERT INTO Colony (colony_id, name, established_date) VALUES (301, 'Dorsey-Carroll', '2002-12-21');
INSERT INTO Colony (colony_id, name, established_date) VALUES (302, 'Conner LLC', '2003-07-01');
INSERT INTO Colony (colony_id, name, established_date) VALUES (303, 'White-Henderson', '2005-08-13');
INSERT INTO Colony (colony_id, name, established_date) VALUES (304, 'Baker, Snyder and Brown', '2017-09-29');
INSERT INTO Colony (colony_id, name, established_date) VALUES (305, 'Joseph-Cline', '2013-10-05');
INSERT INTO Colony (colony_id, name, established_date) VALUES (306, 'White-Fischer', '2004-04-17');
INSERT INTO Colony (colony_id, name, established_date) VALUES (307, 'Williamson, Tyler and Kennedy', '2003-08-06');
INSERT INTO Colony (colony_id, name, established_date) VALUES (308, 'Rubio-Cohen', '2017-01-01');
INSERT INTO Colony (colony_id, name, established_date) VALUES (309, 'Fritz, Caldwell and Huffman', '2002-06-02');
INSERT INTO Colony (colony_id, name, established_date) VALUES (310, 'Hayes-Mercado', '2016-07-09');
INSERT INTO Colony (colony_id, name, established_date) VALUES (311, 'Shaw-Jacobson', '2005-04-01');
INSERT INTO Colony (colony_id, name, established_date) VALUES (312, 'Peterson, Tate and Bell', '2014-04-18');
INSERT INTO Colony (colony_id, name, established_date) VALUES (313, 'Orozco Group', '2005-04-15');
INSERT INTO Colony (colony_id, name, established_date) VALUES (314, 'Martinez, Boyd and Gutierrez', '2020-09-01');
INSERT INTO Colony (colony_id, name, established_date) VALUES (315, 'Mcdaniel LLC', '2018-12-12');
INSERT INTO Colony (colony_id, name, established_date) VALUES (316, 'Stevens, Sullivan and Lewis', '2002-01-10');
INSERT INTO Colony (colony_id, name, established_date) VALUES (317, 'Allen-Sandoval', '2017-01-02');
INSERT INTO Colony (colony_id, name, established_date) VALUES (318, 'Burnett, Terry and Wilson', '2018-09-06');
INSERT INTO Colony (colony_id, name, established_date) VALUES (319, 'Lucas-Miranda', '2001-02-06');
INSERT INTO Colony (colony_id, name, established_date) VALUES (320, 'Williams, Peterson and Bell', '2000-02-03');
INSERT INTO Colony (colony_id, name, established_date) VALUES (321, 'Simon Group', '2004-11-25');
INSERT INTO Colony (colony_id, name, established_date) VALUES (322, 'Dunn-Adams', '2017-04-27');
INSERT INTO Colony (colony_id, name, established_date) VALUES (323, 'Watson, Williams and Baxter', '2021-02-04');
INSERT INTO Colony (colony_id, name, established_date) VALUES (324, 'Williamson Ltd', '2023-11-21');
INSERT INTO Colony (colony_id, name, established_date) VALUES (325, 'Taylor LLC', '2011-01-02');
INSERT INTO Colony (colony_id, name, established_date) VALUES (326, 'Martin-Lucero', '2016-12-31');
INSERT INTO Colony (colony_id, name, established_date) VALUES (327, 'Sharp-Lambert', '2018-02-21');
INSERT INTO Colony (colony_id, name, established_date) VALUES (328, 'Allen, Mccarty and Harris', '2000-08-01');
INSERT INTO Colony (colony_id, name, established_date) VALUES (329, 'Young, Schneider and Robinson', '2001-07-01');
INSERT INTO Colony (colony_id, name, established_date) VALUES (330, 'Thompson PLC', '2007-09-13');
INSERT INTO Colony (colony_id, name, established_date) VALUES (331, 'Massey Inc', '2009-03-16');
INSERT INTO Colony (colony_id, name, established_date) VALUES (332, 'Harper, Torres and Russell', '2001-06-17');
INSERT INTO Colony (colony_id, name, established_date) VALUES (333, 'Mendoza PLC', '2009-03-10');
INSERT INTO Colony (colony_id, name, established_date) VALUES (334, 'Massey, Mccoy and Vasquez', '2016-06-04');
INSERT INTO Colony (colony_id, name, established_date) VALUES (335, 'Johnson and Sons', '2003-12-24');
INSERT INTO Colony (colony_id, name, established_date) VALUES (336, 'Davila, Patrick and Hanson', '2021-02-08');
INSERT INTO Colony (colony_id, name, established_date) VALUES (337, 'Adkins Group', '2018-03-27');
INSERT INTO Colony (colony_id, name, established_date) VALUES (338, 'Cross Group', '2001-09-08');
INSERT INTO Colony (colony_id, name, established_date) VALUES (339, 'Madden-Moreno', '2016-11-05');
INSERT INTO Colony (colony_id, name, established_date) VALUES (340, 'Page-Stone', '2003-08-13');
INSERT INTO Colony (colony_id, name, established_date) VALUES (341, 'Castro LLC', '2003-04-08');
INSERT INTO Colony (colony_id, name, established_date) VALUES (342, 'Holmes, Davis and Jones', '2012-03-05');
INSERT INTO Colony (colony_id, name, established_date) VALUES (343, 'Smith, Wise and Mitchell', '2019-05-30');
INSERT INTO Colony (colony_id, name, established_date) VALUES (344, 'Edwards-Taylor', '2003-11-18');
INSERT INTO Colony (colony_id, name, established_date) VALUES (345, 'Weaver-Jones', '2019-05-09');
INSERT INTO Colony (colony_id, name, established_date) VALUES (346, 'Burnett, Torres and Whitehead', '2001-01-13');
INSERT INTO Colony (colony_id, name, established_date) VALUES (347, 'Faulkner-Williams', '2005-09-20');
INSERT INTO Colony (colony_id, name, established_date) VALUES (348, 'Huff, Shannon and Joseph', '2007-07-09');
INSERT INTO Colony (colony_id, name, established_date) VALUES (349, 'Baker Inc', '2006-01-23');
INSERT INTO Colony (colony_id, name, established_date) VALUES (350, 'Martinez, Morton and Hester', '2003-03-31');
INSERT INTO Colony (colony_id, name, established_date) VALUES (351, 'Armstrong LLC', '2019-02-07');
INSERT INTO Colony (colony_id, name, established_date) VALUES (352, 'Curtis, Washington and Sullivan', '2006-10-04');
INSERT INTO Colony (colony_id, name, established_date) VALUES (353, 'Wilson, Bowman and Clark', '2022-07-14');
INSERT INTO Colony (colony_id, name, established_date) VALUES (354, 'Brown Group', '2014-06-18');
INSERT INTO Colony (colony_id, name, established_date) VALUES (355, 'Reyes-Briggs', '2002-12-22');
INSERT INTO Colony (colony_id, name, established_date) VALUES (356, 'Cobb Group', '2003-10-09');
INSERT INTO Colony (colony_id, name, established_date) VALUES (357, 'Jackson-Mooney', '2008-11-06');
INSERT INTO Colony (colony_id, name, established_date) VALUES (358, 'Allen-Watts', '2018-10-26');
INSERT INTO Colony (colony_id, name, established_date) VALUES (359, 'Smith-Arnold', '2012-07-19');
INSERT INTO Colony (colony_id, name, established_date) VALUES (360, 'Olsen Inc', '2016-03-21');
INSERT INTO Colony (colony_id, name, established_date) VALUES (361, 'Olson, Lucas and Simmons', '2017-05-19');
INSERT INTO Colony (colony_id, name, established_date) VALUES (362, 'Torres PLC', '2016-05-23');
INSERT INTO Colony (colony_id, name, established_date) VALUES (363, 'Peterson LLC', '2011-11-17');
INSERT INTO Colony (colony_id, name, established_date) VALUES (364, 'Garcia, Campbell and Jones', '2018-03-23');
INSERT INTO Colony (colony_id, name, established_date) VALUES (365, 'Turner, Davis and Martinez', '2002-01-15');
INSERT INTO Colony (colony_id, name, established_date) VALUES (366, 'Stevens, Hoffman and Parrish', '2005-11-24');
INSERT INTO Colony (colony_id, name, established_date) VALUES (367, 'Evans, Payne and Bailey', '2024-07-06');
INSERT INTO Colony (colony_id, name, established_date) VALUES (368, 'Lowery PLC', '2016-06-08');
INSERT INTO Colony (colony_id, name, established_date) VALUES (369, 'Wallace, Tanner and Hughes', '2021-03-13');
INSERT INTO Colony (colony_id, name, established_date) VALUES (370, 'Poole Group', '2025-01-17');
INSERT INTO Colony (colony_id, name, established_date) VALUES (371, 'Campbell, Silva and Reese', '2008-03-05');
INSERT INTO Colony (colony_id, name, established_date) VALUES (372, 'Adams Inc', '2008-06-24');
INSERT INTO Colony (colony_id, name, established_date) VALUES (373, 'Aguilar PLC', '2009-12-15');
INSERT INTO Colony (colony_id, name, established_date) VALUES (374, 'Singleton, Wilson and Houston', '2012-10-20');
INSERT INTO Colony (colony_id, name, established_date) VALUES (375, 'Barron, Delgado and Robinson', '2010-07-16');
INSERT INTO Colony (colony_id, name, established_date) VALUES (376, 'Morgan, Friedman and Hubbard', '2011-11-02');
INSERT INTO Colony (colony_id, name, established_date) VALUES (377, 'Evans-Lee', '2024-06-26');
INSERT INTO Colony (colony_id, name, established_date) VALUES (378, 'Hernandez, Walker and Munoz', '2024-08-11');
INSERT INTO Colony (colony_id, name, established_date) VALUES (379, 'Gonzalez Group', '2004-05-22');
INSERT INTO Colony (colony_id, name, established_date) VALUES (380, 'Shepherd-Phillips', '2024-04-02');
INSERT INTO Colony (colony_id, name, established_date) VALUES (381, 'Hunt-Morris', '2023-03-18');
INSERT INTO Colony (colony_id, name, established_date) VALUES (382, 'Golden, Rice and Reed', '2006-11-11');
INSERT INTO Colony (colony_id, name, established_date) VALUES (383, 'Mckenzie-Mendez', '2011-05-17');
INSERT INTO Colony (colony_id, name, established_date) VALUES (384, 'Hopkins-Mays', '2015-08-22');
INSERT INTO Colony (colony_id, name, established_date) VALUES (385, 'Hartman LLC', '2007-01-22');
INSERT INTO Colony (colony_id, name, established_date) VALUES (386, 'Underwood, Salinas and Lin', '2011-08-28');
INSERT INTO Colony (colony_id, name, established_date) VALUES (387, 'Anderson-Johnson', '2004-02-17');
INSERT INTO Colony (colony_id, name, established_date) VALUES (388, 'Huerta, Johnson and Rodriguez', '2016-10-24');
INSERT INTO Colony (colony_id, name, established_date) VALUES (389, 'Alexander-Lee', '2005-01-20');
INSERT INTO Colony (colony_id, name, established_date) VALUES (390, 'Nash, Grant and Garcia', '2015-11-24');
INSERT INTO Colony (colony_id, name, established_date) VALUES (391, 'Owens-Mendoza', '2009-02-10');
INSERT INTO Colony (colony_id, name, established_date) VALUES (392, 'Wiggins, Logan and Fields', '2012-03-22');
INSERT INTO Colony (colony_id, name, established_date) VALUES (393, 'Smith PLC', '2009-04-14');
INSERT INTO Colony (colony_id, name, established_date) VALUES (394, 'Scott-Wiggins', '2010-03-19');
INSERT INTO Colony (colony_id, name, established_date) VALUES (395, 'Morgan and Sons', '2009-04-15');
INSERT INTO Colony (colony_id, name, established_date) VALUES (396, 'Harris, Lawrence and White', '2019-09-11');
INSERT INTO Colony (colony_id, name, established_date) VALUES (397, 'Salazar, Hill and Tran', '2000-06-21');
INSERT INTO Colony (colony_id, name, established_date) VALUES (398, 'Collins-Sharp', '2008-01-20');
INSERT INTO Colony (colony_id, name, established_date) VALUES (399, 'Hartman, Randall and Jones', '2020-02-14');
INSERT INTO Colony (colony_id, name, established_date) VALUES (400, 'Lara-Marshall', '2012-05-06');
INSERT INTO Crew (crew_id, name, role, joined_date, colony_id) VALUES (1, 'Bradley Thomas', 'Scientist', '2013-03-25', 42);
INSERT INTO Crew (crew_id, name, role, joined_date, colony_id) VALUES (2, 'Brad Carlson', 'Commander', '2002-01-30', 89);
INSERT INTO Crew (crew_id, name, role, joined_date, colony_id) VALUES (3, 'Michael Romero', 'Engineer', '2004-02-11', 296);
INSERT INTO Crew (crew_id, name, role, joined_date, colony_id) VALUES (4, 'Sheri Maxwell', 'Scientist', '2008-03-23', 270);
INSERT INTO Crew (crew_id, name, role, joined_date, colony_id) VALUES (5, 'Deborah Dennis', 'Technician', '2016-12-12', 42);
INSERT INTO Crew (crew_id, name, role, joined_date, colony_id) VALUES (6, 'Vanessa Suarez', 'Scientist', '2019-02-18', 145);
INSERT INTO Crew (crew_id, name, role, joined_date, colony_id) VALUES (7, 'Christina Gonzalez', 'Engineer', '2025-02-16', 106);
INSERT INTO Crew (crew_id, name, role, joined_date, colony_id) VALUES (8, 'Ronald Coleman DDS', 'Commander', '2008-08-14', 6);
INSERT INTO Crew (crew_id, name, role, joined_date, colony_id) VALUES (9, 'Richard Adams', 'Scientist', '2001-08-12', 348);
INSERT INTO Crew (crew_id, name, role, joined_date, colony_id) VALUES (10, 'Duane Gonzales', 'Technician', '2007-01-17', 230);
INSERT INTO Crew (crew_id, name, role, joined_date, colony_id) VALUES (11, 'Kristy Gamble', 'Commander', '2010-07-22', 321);
INSERT INTO Crew (crew_id, name, role, joined_date, colony_id) VALUES (12, 'Erin Pena', 'Commander', '2020-05-20', 188);
INSERT INTO Crew (crew_id, name, role, joined_date, colony_id) VALUES (13, 'Sara Walker', 'Scientist', '2021-10-23', 360);
INSERT INTO Crew (crew_id, name, role, joined_date, colony_id) VALUES (14, 'Eric Moreno', 'Commander', '2009-03-24', 240);
INSERT INTO Crew (crew_id, name, role, joined_date, colony_id) VALUES (15, 'Damon Clark', 'Scientist', '2009-02-01', 313);
INSERT INTO Crew (crew_id, name, role, joined_date, colony_id) VALUES (16, 'Robert Booker', 'Technician', '2012-12-07', 21);
INSERT INTO Crew (crew_id, name, role, joined_date, colony_id) VALUES (17, 'Patrick Fields', 'Scientist', '2016-08-12', 338);
INSERT INTO Crew (crew_id, name, role, joined_date, colony_id) VALUES (18, 'Sabrina Mendez', 'Engineer', '2010-02-13', 98);
INSERT INTO Crew (crew_id, name, role, joined_date, colony_id) VALUES (19, 'Devin Newman', 'Commander', '2009-06-20', 52);
INSERT INTO Crew (crew_id, name, role, joined_date, colony_id) VALUES (20, 'Ashley Rodriguez', 'Technician', '2023-05-15', 151);
INSERT INTO Crew (crew_id, name, role, joined_date, colony_id) VALUES (21, 'Hailey Richard', 'Scientist', '2014-10-23', 53);
INSERT INTO Crew (crew_id, name, role, joined_date, colony_id) VALUES (22, 'Jay Harvey', 'Scientist', '2000-02-15', 191);
INSERT INTO Crew (crew_id, name, role, joined_date, colony_id) VALUES (23, 'Shelby Henson', 'Commander', '2016-09-22', 350);
INSERT INTO Crew (crew_id, name, role, joined_date, colony_id) VALUES (24, 'Christopher Huff', 'Engineer', '2015-08-16', 32);
INSERT INTO Crew (crew_id, name, role, joined_date, colony_id) VALUES (25, 'Lori Taylor', 'Engineer', '2024-03-03', 199);
INSERT INTO Crew (crew_id, name, role, joined_date, colony_id) VALUES (26, 'Benjamin Kelley', 'Scientist', '2015-04-02', 271);
INSERT INTO Crew (crew_id, name, role, joined_date, colony_id) VALUES (27, 'Ricardo Gallegos', 'Scientist', '2012-04-13', 72);
INSERT INTO Crew (crew_id, name, role, joined_date, colony_id) VALUES (28, 'Ashley Wilson', 'Commander', '2018-11-17', 128);
INSERT INTO Crew (crew_id, name, role, joined_date, colony_id) VALUES (29, 'Joseph Rodriguez', 'Engineer', '2004-08-02', 373);
INSERT INTO Crew (crew_id, name, role, joined_date, colony_id) VALUES (30, 'Karen Taylor', 'Engineer', '2009-02-13', 241);
INSERT INTO Crew (crew_id, name, role, joined_date, colony_id) VALUES (31, 'John Thompson', 'Commander', '2006-06-19', 371);
INSERT INTO Crew (crew_id, name, role, joined_date, colony_id) VALUES (32, 'Michael Holmes', 'Scientist', '2022-08-15', 7);
INSERT INTO Crew (crew_id, name, role, joined_date, colony_id) VALUES (33, 'Mrs. Vanessa Jones', 'Engineer', '2005-05-28', 270);
INSERT INTO Crew (crew_id, name, role, joined_date, colony_id) VALUES (34, 'Jeremy Kim', 'Technician', '2014-09-18', 252);
INSERT INTO Crew (crew_id, name, role, joined_date, colony_id) VALUES (35, 'Matthew Bautista', 'Engineer', '2014-04-18', 126);
INSERT INTO Crew (crew_id, name, role, joined_date, colony_id) VALUES (36, 'Jason Ferrell', 'Scientist', '2005-04-22', 130);
INSERT INTO Crew (crew_id, name, role, joined_date, colony_id) VALUES (37, 'Marisa Brown', 'Scientist', '2007-01-01', 29);
INSERT INTO Crew (crew_id, name, role, joined_date, colony_id) VALUES (38, 'Damon Collins MD', 'Scientist', '2018-03-05', 280);
INSERT INTO Crew (crew_id, name, role, joined_date, colony_id) VALUES (39, 'Laura Buchanan', 'Technician', '2008-11-23', 59);
INSERT INTO Crew (crew_id, name, role, joined_date, colony_id) VALUES (40, 'Chad Crawford', 'Technician', '2012-08-02', 62);
INSERT INTO Crew (crew_id, name, role, joined_date, colony_id) VALUES (41, 'Natalie Kent', 'Scientist', '2013-07-11', 207);
INSERT INTO Crew (crew_id, name, role, joined_date, colony_id) VALUES (42, 'Peter Esparza', 'Commander', '2023-11-28', 214);
INSERT INTO Crew (crew_id, name, role, joined_date, colony_id) VALUES (43, 'Hunter Vincent', 'Technician', '2021-04-15', 118);
INSERT INTO Crew (crew_id, name, role, joined_date, colony_id) VALUES (44, 'Paul Yang', 'Technician', '2001-03-30', 228);
INSERT INTO Crew (crew_id, name, role, joined_date, colony_id) VALUES (45, 'Christopher Brooks', 'Technician', '2015-11-07', 293);
INSERT INTO Crew (crew_id, name, role, joined_date, colony_id) VALUES (46, 'Gerald Daniel', 'Technician', '2021-01-16', 173);
INSERT INTO Crew (crew_id, name, role, joined_date, colony_id) VALUES (47, 'Patricia Wilson', 'Commander', '2009-05-21', 271);
INSERT INTO Crew (crew_id, name, role, joined_date, colony_id) VALUES (48, 'Sarah Nelson', 'Technician', '2019-03-22', 183);
INSERT INTO Crew (crew_id, name, role, joined_date, colony_id) VALUES (49, 'Sherri Coleman', 'Commander', '2016-11-14', 96);
INSERT INTO Crew (crew_id, name, role, joined_date, colony_id) VALUES (50, 'Richard Dodson', 'Commander', '2024-08-11', 83);
INSERT INTO Crew (crew_id, name, role, joined_date, colony_id) VALUES (51, 'Laura Wiley', 'Technician', '2020-05-09', 78);
INSERT INTO Crew (crew_id, name, role, joined_date, colony_id) VALUES (52, 'Anna Flores', 'Scientist', '2022-05-26', 108);
INSERT INTO Crew (crew_id, name, role, joined_date, colony_id) VALUES (53, 'Sherry Nguyen', 'Engineer', '2002-03-13', 260);
INSERT INTO Crew (crew_id, name, role, joined_date, colony_id) VALUES (54, 'Meghan Bartlett', 'Engineer', '2013-04-25', 85);
INSERT INTO Crew (crew_id, name, role, joined_date, colony_id) VALUES (55, 'Pamela Meyer', 'Technician', '2000-01-20', 143);
INSERT INTO Crew (crew_id, name, role, joined_date, colony_id) VALUES (56, 'Rachel Stokes', 'Commander', '2001-01-05', 44);
INSERT INTO Crew (crew_id, name, role, joined_date, colony_id) VALUES (57, 'Barry Watts', 'Engineer', '2004-05-28', 56);
INSERT INTO Crew (crew_id, name, role, joined_date, colony_id) VALUES (58, 'Patrick Anderson', 'Engineer', '2008-04-01', 78);
INSERT INTO Crew (crew_id, name, role, joined_date, colony_id) VALUES (59, 'Ryan Sanchez', 'Technician', '2020-01-16', 337);
INSERT INTO Crew (crew_id, name, role, joined_date, colony_id) VALUES (60, 'Sara Thomas', 'Commander', '2019-06-10', 2);
INSERT INTO Crew (crew_id, name, role, joined_date, colony_id) VALUES (61, 'Travis Marquez', 'Scientist', '2011-02-26', 89);
INSERT INTO Crew (crew_id, name, role, joined_date, colony_id) VALUES (62, 'Angela Hanna', 'Commander', '2001-08-27', 289);
INSERT INTO Crew (crew_id, name, role, joined_date, colony_id) VALUES (63, 'Peter Smith', 'Engineer', '2016-01-14', 312);
INSERT INTO Crew (crew_id, name, role, joined_date, colony_id) VALUES (64, 'Victoria Torres', 'Commander', '2005-12-04', 387);
INSERT INTO Crew (crew_id, name, role, joined_date, colony_id) VALUES (65, 'Matthew Harris', 'Commander', '2004-01-10', 369);
INSERT INTO Crew (crew_id, name, role, joined_date, colony_id) VALUES (66, 'Helen Taylor', 'Technician', '2002-05-30', 197);
INSERT INTO Crew (crew_id, name, role, joined_date, colony_id) VALUES (67, 'Leah Cochran', 'Scientist', '2013-03-21', 170);
INSERT INTO Crew (crew_id, name, role, joined_date, colony_id) VALUES (68, 'Lauren Joseph', 'Scientist', '2016-09-24', 255);
INSERT INTO Crew (crew_id, name, role, joined_date, colony_id) VALUES (69, 'James Reed', 'Scientist', '2019-05-05', 179);
INSERT INTO Crew (crew_id, name, role, joined_date, colony_id) VALUES (70, 'Michael Wilson', 'Scientist', '2011-03-14', 238);
INSERT INTO Crew (crew_id, name, role, joined_date, colony_id) VALUES (71, 'Summer Sanders', 'Technician', '2018-03-28', 125);
INSERT INTO Crew (crew_id, name, role, joined_date, colony_id) VALUES (72, 'Kimberly Harrison', 'Engineer', '2011-11-12', 200);
INSERT INTO Crew (crew_id, name, role, joined_date, colony_id) VALUES (73, 'Karen Johnson', 'Engineer', '2006-12-17', 262);
INSERT INTO Crew (crew_id, name, role, joined_date, colony_id) VALUES (74, 'Charles Gonzales', 'Technician', '2024-12-29', 8);
INSERT INTO Crew (crew_id, name, role, joined_date, colony_id) VALUES (75, 'Ryan Parsons', 'Engineer', '2012-05-06', 122);
INSERT INTO Crew (crew_id, name, role, joined_date, colony_id) VALUES (76, 'Katie Long', 'Commander', '2014-03-19', 296);
INSERT INTO Crew (crew_id, name, role, joined_date, colony_id) VALUES (77, 'Lonnie Ross', 'Scientist', '2018-11-12', 359);
INSERT INTO Crew (crew_id, name, role, joined_date, colony_id) VALUES (78, 'Veronica Jones', 'Scientist', '2013-05-25', 126);
INSERT INTO Crew (crew_id, name, role, joined_date, colony_id) VALUES (79, 'Melissa Schneider', 'Engineer', '2022-02-11', 235);
INSERT INTO Crew (crew_id, name, role, joined_date, colony_id) VALUES (80, 'Thomas Martin', 'Technician', '2004-06-14', 151);
INSERT INTO Crew (crew_id, name, role, joined_date, colony_id) VALUES (81, 'Steven Gill', 'Engineer', '2021-03-07', 394);
INSERT INTO Crew (crew_id, name, role, joined_date, colony_id) VALUES (82, 'Timothy Ruiz', 'Scientist', '2001-11-19', 169);
INSERT INTO Crew (crew_id, name, role, joined_date, colony_id) VALUES (83, 'James Brooks', 'Scientist', '2003-09-06', 32);
INSERT INTO Crew (crew_id, name, role, joined_date, colony_id) VALUES (84, 'Jason Nelson', 'Engineer', '2019-03-11', 395);
INSERT INTO Crew (crew_id, name, role, joined_date, colony_id) VALUES (85, 'Brandon Landry', 'Engineer', '2012-05-07', 367);
INSERT INTO Crew (crew_id, name, role, joined_date, colony_id) VALUES (86, 'Stephanie Lee', 'Technician', '2016-12-09', 399);
INSERT INTO Crew (crew_id, name, role, joined_date, colony_id) VALUES (87, 'Bruce Brown', 'Commander', '2010-02-27', 260);
INSERT INTO Crew (crew_id, name, role, joined_date, colony_id) VALUES (88, 'Kelly Burton', 'Engineer', '2024-07-22', 221);
INSERT INTO Crew (crew_id, name, role, joined_date, colony_id) VALUES (89, 'Jacqueline Hawkins', 'Commander', '2002-08-27', 326);
INSERT INTO Crew (crew_id, name, role, joined_date, colony_id) VALUES (90, 'Tammy James', 'Scientist', '2019-07-12', 40);
INSERT INTO Crew (crew_id, name, role, joined_date, colony_id) VALUES (91, 'Darrell Henry', 'Engineer', '2012-01-01', 189);
INSERT INTO Crew (crew_id, name, role, joined_date, colony_id) VALUES (92, 'Richard Riley', 'Scientist', '2022-02-07', 356);
INSERT INTO Crew (crew_id, name, role, joined_date, colony_id) VALUES (93, 'Charles Pace', 'Technician', '2018-06-05', 149);
INSERT INTO Crew (crew_id, name, role, joined_date, colony_id) VALUES (94, 'Derek Jones', 'Technician', '2003-02-21', 142);
INSERT INTO Crew (crew_id, name, role, joined_date, colony_id) VALUES (95, 'Natalie Long', 'Engineer', '2000-08-30', 353);
INSERT INTO Crew (crew_id, name, role, joined_date, colony_id) VALUES (96, 'Rachel Tran', 'Scientist', '2011-07-17', 128);
INSERT INTO Crew (crew_id, name, role, joined_date, colony_id) VALUES (97, 'Tiffany Wright', 'Technician', '2018-08-26', 353);
INSERT INTO Crew (crew_id, name, role, joined_date, colony_id) VALUES (98, 'Blake Wright', 'Engineer', '2013-12-03', 149);
INSERT INTO Crew (crew_id, name, role, joined_date, colony_id) VALUES (99, 'Michelle Le', 'Scientist', '2007-06-19', 342);
INSERT INTO Crew (crew_id, name, role, joined_date, colony_id) VALUES (100, 'David Hester', 'Engineer', '2020-11-27', 225);
INSERT INTO Crew (crew_id, name, role, joined_date, colony_id) VALUES (101, 'Adam Miller', 'Engineer', '2000-03-03', 207);
INSERT INTO Crew (crew_id, name, role, joined_date, colony_id) VALUES (102, 'Robert Brown', 'Engineer', '2023-05-20', 355);
INSERT INTO Crew (crew_id, name, role, joined_date, colony_id) VALUES (103, 'James Ellis', 'Commander', '2007-10-26', 149);
INSERT INTO Crew (crew_id, name, role, joined_date, colony_id) VALUES (104, 'Megan Taylor', 'Scientist', '2008-12-03', 196);
INSERT INTO Crew (crew_id, name, role, joined_date, colony_id) VALUES (105, 'Laura Warren', 'Technician', '2000-12-13', 35);
INSERT INTO Crew (crew_id, name, role, joined_date, colony_id) VALUES (106, 'William Heath', 'Engineer', '2004-11-18', 94);
INSERT INTO Crew (crew_id, name, role, joined_date, colony_id) VALUES (107, 'Andrew Johnson', 'Engineer', '2015-07-11', 269);
INSERT INTO Crew (crew_id, name, role, joined_date, colony_id) VALUES (108, 'Alexandra Hays', 'Scientist', '2010-08-08', 71);
INSERT INTO Crew (crew_id, name, role, joined_date, colony_id) VALUES (109, 'Joseph Martin', 'Commander', '2005-10-19', 185);
INSERT INTO Crew (crew_id, name, role, joined_date, colony_id) VALUES (110, 'Robert Wade', 'Scientist', '2009-03-13', 134);
INSERT INTO Crew (crew_id, name, role, joined_date, colony_id) VALUES (111, 'Madison Thompson', 'Scientist', '2012-02-25', 216);
INSERT INTO Crew (crew_id, name, role, joined_date, colony_id) VALUES (112, 'Debbie Perez', 'Engineer', '2014-07-05', 367);
INSERT INTO Crew (crew_id, name, role, joined_date, colony_id) VALUES (113, 'Julie Howard', 'Commander', '2000-12-03', 188);
INSERT INTO Crew (crew_id, name, role, joined_date, colony_id) VALUES (114, 'Cheyenne Williams', 'Engineer', '2019-03-17', 264);
INSERT INTO Crew (crew_id, name, role, joined_date, colony_id) VALUES (115, 'Karina Rodriguez', 'Scientist', '2007-03-26', 184);
INSERT INTO Crew (crew_id, name, role, joined_date, colony_id) VALUES (116, 'Leslie Pearson', 'Commander', '2019-06-22', 334);
INSERT INTO Crew (crew_id, name, role, joined_date, colony_id) VALUES (117, 'Valerie Roman', 'Commander', '2014-03-13', 371);
INSERT INTO Crew (crew_id, name, role, joined_date, colony_id) VALUES (118, 'Crystal Wright', 'Scientist', '2014-05-10', 6);
INSERT INTO Crew (crew_id, name, role, joined_date, colony_id) VALUES (119, 'Barbara Walters', 'Technician', '2014-07-26', 377);
INSERT INTO Crew (crew_id, name, role, joined_date, colony_id) VALUES (120, 'Evan Mills', 'Engineer', '2005-02-06', 379);
INSERT INTO Crew (crew_id, name, role, joined_date, colony_id) VALUES (121, 'Lisa Gregory', 'Technician', '2007-02-15', 195);
INSERT INTO Crew (crew_id, name, role, joined_date, colony_id) VALUES (122, 'Sarah Moon', 'Engineer', '2000-09-16', 236);
INSERT INTO Crew (crew_id, name, role, joined_date, colony_id) VALUES (123, 'Patricia Martin MD', 'Scientist', '2008-08-27', 280);
INSERT INTO Crew (crew_id, name, role, joined_date, colony_id) VALUES (124, 'Taylor Richards', 'Technician', '2021-04-08', 50);
INSERT INTO Crew (crew_id, name, role, joined_date, colony_id) VALUES (125, 'Dennis Silva', 'Engineer', '2006-01-31', 332);
INSERT INTO Crew (crew_id, name, role, joined_date, colony_id) VALUES (126, 'Mrs. Rachel Carter', 'Scientist', '2024-03-13', 29);
INSERT INTO Crew (crew_id, name, role, joined_date, colony_id) VALUES (127, 'Melissa Gallagher', 'Commander', '2019-10-25', 371);
INSERT INTO Crew (crew_id, name, role, joined_date, colony_id) VALUES (128, 'Deanna Branch', 'Scientist', '2009-10-30', 38);
INSERT INTO Crew (crew_id, name, role, joined_date, colony_id) VALUES (129, 'Melinda Anderson', 'Engineer', '2020-06-12', 371);
INSERT INTO Crew (crew_id, name, role, joined_date, colony_id) VALUES (130, 'Sarah Austin', 'Engineer', '2019-03-16', 355);
INSERT INTO Crew (crew_id, name, role, joined_date, colony_id) VALUES (131, 'Christopher Brown', 'Commander', '2004-10-29', 9);
INSERT INTO Crew (crew_id, name, role, joined_date, colony_id) VALUES (132, 'Michael Wagner', 'Commander', '2014-03-24', 183);
INSERT INTO Crew (crew_id, name, role, joined_date, colony_id) VALUES (133, 'Jacob Watson', 'Commander', '2002-01-20', 290);
INSERT INTO Crew (crew_id, name, role, joined_date, colony_id) VALUES (134, 'Lisa Hooper', 'Technician', '2015-06-12', 27);
INSERT INTO Crew (crew_id, name, role, joined_date, colony_id) VALUES (135, 'Tabitha Rivera', 'Engineer', '2016-07-11', 97);
INSERT INTO Crew (crew_id, name, role, joined_date, colony_id) VALUES (136, 'Scott Sanchez', 'Engineer', '2022-02-19', 334);
INSERT INTO Crew (crew_id, name, role, joined_date, colony_id) VALUES (137, 'Kaitlyn Wolfe', 'Commander', '2020-03-18', 180);
INSERT INTO Crew (crew_id, name, role, joined_date, colony_id) VALUES (138, 'Karen Perez', 'Commander', '2024-10-06', 211);
INSERT INTO Crew (crew_id, name, role, joined_date, colony_id) VALUES (139, 'Lisa Dickson', 'Technician', '2012-03-20', 145);
INSERT INTO Crew (crew_id, name, role, joined_date, colony_id) VALUES (140, 'Michael Foster', 'Commander', '2004-03-17', 322);
INSERT INTO Crew (crew_id, name, role, joined_date, colony_id) VALUES (141, 'Shawn Montgomery', 'Technician', '2018-06-01', 203);
INSERT INTO Crew (crew_id, name, role, joined_date, colony_id) VALUES (142, 'Christine Johnson', 'Commander', '2024-06-16', 81);
INSERT INTO Crew (crew_id, name, role, joined_date, colony_id) VALUES (143, 'Jared Berry', 'Commander', '2019-02-10', 3);
INSERT INTO Crew (crew_id, name, role, joined_date, colony_id) VALUES (144, 'David Cole', 'Engineer', '2021-01-24', 21);
INSERT INTO Crew (crew_id, name, role, joined_date, colony_id) VALUES (145, 'George Morris', 'Engineer', '2001-08-15', 96);
INSERT INTO Crew (crew_id, name, role, joined_date, colony_id) VALUES (146, 'Monica Bowman', 'Technician', '2024-05-18', 254);
INSERT INTO Crew (crew_id, name, role, joined_date, colony_id) VALUES (147, 'Dale Jones', 'Engineer', '2002-03-02', 258);
INSERT INTO Crew (crew_id, name, role, joined_date, colony_id) VALUES (148, 'Ian Mitchell', 'Engineer', '2024-09-28', 12);
INSERT INTO Crew (crew_id, name, role, joined_date, colony_id) VALUES (149, 'William Gaines', 'Scientist', '2019-12-06', 227);
INSERT INTO Crew (crew_id, name, role, joined_date, colony_id) VALUES (150, 'Bethany Hanna', 'Commander', '2014-02-24', 68);
INSERT INTO Crew (crew_id, name, role, joined_date, colony_id) VALUES (151, 'Eric Johnson', 'Commander', '2002-01-15', 268);
INSERT INTO Crew (crew_id, name, role, joined_date, colony_id) VALUES (152, 'Todd Charles', 'Engineer', '2006-06-26', 261);
INSERT INTO Crew (crew_id, name, role, joined_date, colony_id) VALUES (153, 'Beth Howard', 'Technician', '2010-06-15', 137);
INSERT INTO Crew (crew_id, name, role, joined_date, colony_id) VALUES (154, 'Veronica Barnett MD', 'Technician', '2017-09-25', 316);
INSERT INTO Crew (crew_id, name, role, joined_date, colony_id) VALUES (155, 'Raymond Nguyen', 'Scientist', '2021-03-07', 107);
INSERT INTO Crew (crew_id, name, role, joined_date, colony_id) VALUES (156, 'Julia Hopkins', 'Commander', '2018-08-02', 103);
INSERT INTO Crew (crew_id, name, role, joined_date, colony_id) VALUES (157, 'Scott Barrera', 'Technician', '2017-06-21', 228);
INSERT INTO Crew (crew_id, name, role, joined_date, colony_id) VALUES (158, 'Bryan Carter', 'Engineer', '2013-08-04', 191);
INSERT INTO Crew (crew_id, name, role, joined_date, colony_id) VALUES (159, 'Mark Sanchez', 'Technician', '2012-07-01', 62);
INSERT INTO Crew (crew_id, name, role, joined_date, colony_id) VALUES (160, 'Derek Campbell', 'Technician', '2013-08-30', 389);
INSERT INTO Crew (crew_id, name, role, joined_date, colony_id) VALUES (161, 'Leah Stone', 'Commander', '2007-07-15', 303);
INSERT INTO Crew (crew_id, name, role, joined_date, colony_id) VALUES (162, 'Sue Hernandez', 'Technician', '2000-09-08', 69);
INSERT INTO Crew (crew_id, name, role, joined_date, colony_id) VALUES (163, 'Mrs. Christine Williams', 'Technician', '2003-07-30', 136);
INSERT INTO Crew (crew_id, name, role, joined_date, colony_id) VALUES (164, 'Paula Sanders', 'Technician', '2013-08-15', 71);
INSERT INTO Crew (crew_id, name, role, joined_date, colony_id) VALUES (165, 'Kyle Sandoval', 'Commander', '2014-05-11', 283);
INSERT INTO Crew (crew_id, name, role, joined_date, colony_id) VALUES (166, 'Dominique Lawrence', 'Scientist', '2007-06-11', 57);
INSERT INTO Crew (crew_id, name, role, joined_date, colony_id) VALUES (167, 'Jennifer Briggs', 'Engineer', '2012-10-15', 364);
INSERT INTO Crew (crew_id, name, role, joined_date, colony_id) VALUES (168, 'Jason Terry', 'Scientist', '2017-02-17', 172);
INSERT INTO Crew (crew_id, name, role, joined_date, colony_id) VALUES (169, 'Nicole Rice', 'Engineer', '2021-03-13', 56);
INSERT INTO Crew (crew_id, name, role, joined_date, colony_id) VALUES (170, 'Theodore Pennington', 'Scientist', '2016-07-24', 321);
INSERT INTO Crew (crew_id, name, role, joined_date, colony_id) VALUES (171, 'Kendra Daniels', 'Commander', '2004-08-10', 143);
INSERT INTO Crew (crew_id, name, role, joined_date, colony_id) VALUES (172, 'Angela Diaz', 'Engineer', '2021-10-03', 245);
INSERT INTO Crew (crew_id, name, role, joined_date, colony_id) VALUES (173, 'Claudia Mcconnell', 'Technician', '2017-02-13', 343);
INSERT INTO Crew (crew_id, name, role, joined_date, colony_id) VALUES (174, 'Melissa Anderson', 'Technician', '2003-10-22', 230);
INSERT INTO Crew (crew_id, name, role, joined_date, colony_id) VALUES (175, 'Michelle Morales', 'Scientist', '2017-01-05', 70);
INSERT INTO Crew (crew_id, name, role, joined_date, colony_id) VALUES (176, 'Jose Gonzalez', 'Scientist', '2022-05-31', 63);
INSERT INTO Crew (crew_id, name, role, joined_date, colony_id) VALUES (177, 'Aaron Marquez', 'Commander', '2022-07-22', 280);
INSERT INTO Crew (crew_id, name, role, joined_date, colony_id) VALUES (178, 'John Pittman', 'Scientist', '2007-11-29', 23);
INSERT INTO Crew (crew_id, name, role, joined_date, colony_id) VALUES (179, 'Joann Foster', 'Engineer', '2019-11-15', 288);
INSERT INTO Crew (crew_id, name, role, joined_date, colony_id) VALUES (180, 'James Munoz', 'Commander', '2003-09-08', 37);
INSERT INTO Crew (crew_id, name, role, joined_date, colony_id) VALUES (181, 'James Walsh', 'Technician', '2024-01-12', 241);
INSERT INTO Crew (crew_id, name, role, joined_date, colony_id) VALUES (182, 'Michael Keith', 'Commander', '2021-12-14', 379);
INSERT INTO Crew (crew_id, name, role, joined_date, colony_id) VALUES (183, 'Melody Martinez', 'Engineer', '2018-09-08', 297);
INSERT INTO Crew (crew_id, name, role, joined_date, colony_id) VALUES (184, 'Anna Collins', 'Engineer', '2014-06-29', 28);
INSERT INTO Crew (crew_id, name, role, joined_date, colony_id) VALUES (185, 'Michael Brown', 'Scientist', '2015-09-23', 327);
INSERT INTO Crew (crew_id, name, role, joined_date, colony_id) VALUES (186, 'Juan Caldwell', 'Technician', '2022-12-28', 35);
INSERT INTO Crew (crew_id, name, role, joined_date, colony_id) VALUES (187, 'John Ross', 'Commander', '2017-08-13', 299);
INSERT INTO Crew (crew_id, name, role, joined_date, colony_id) VALUES (188, 'Daniel Olsen', 'Commander', '2022-07-26', 36);
INSERT INTO Crew (crew_id, name, role, joined_date, colony_id) VALUES (189, 'Alex Lewis', 'Scientist', '2019-06-13', 157);
INSERT INTO Crew (crew_id, name, role, joined_date, colony_id) VALUES (190, 'Claudia Smith', 'Commander', '2022-07-02', 34);
INSERT INTO Crew (crew_id, name, role, joined_date, colony_id) VALUES (191, 'Ashley Rodriguez', 'Scientist', '2013-08-28', 361);
INSERT INTO Crew (crew_id, name, role, joined_date, colony_id) VALUES (192, 'Carla Green', 'Scientist', '2020-01-25', 216);
INSERT INTO Crew (crew_id, name, role, joined_date, colony_id) VALUES (193, 'Benjamin Powell', 'Technician', '2001-01-29', 174);
INSERT INTO Crew (crew_id, name, role, joined_date, colony_id) VALUES (194, 'Kristen Vasquez', 'Scientist', '2005-10-22', 274);
INSERT INTO Crew (crew_id, name, role, joined_date, colony_id) VALUES (195, 'Mrs. Ashley Golden', 'Scientist', '2019-06-24', 257);
INSERT INTO Crew (crew_id, name, role, joined_date, colony_id) VALUES (196, 'Timothy Ball', 'Commander', '2008-07-10', 7);
INSERT INTO Crew (crew_id, name, role, joined_date, colony_id) VALUES (197, 'Paul Sanders', 'Scientist', '2009-12-17', 246);
INSERT INTO Crew (crew_id, name, role, joined_date, colony_id) VALUES (198, 'Alicia Zamora', 'Commander', '2015-02-10', 346);
INSERT INTO Crew (crew_id, name, role, joined_date, colony_id) VALUES (199, 'Michelle Webb', 'Engineer', '2018-07-07', 196);
INSERT INTO Crew (crew_id, name, role, joined_date, colony_id) VALUES (200, 'April Moody', 'Engineer', '2007-01-27', 220);
INSERT INTO Crew (crew_id, name, role, joined_date, colony_id) VALUES (201, 'Matthew Taylor', 'Commander', '2008-01-06', 173);
INSERT INTO Crew (crew_id, name, role, joined_date, colony_id) VALUES (202, 'Alexander Dixon', 'Technician', '2022-10-14', 125);
INSERT INTO Crew (crew_id, name, role, joined_date, colony_id) VALUES (203, 'Troy Jones', 'Engineer', '2006-01-09', 282);
INSERT INTO Crew (crew_id, name, role, joined_date, colony_id) VALUES (204, 'Shane Berger', 'Technician', '2004-12-15', 164);
INSERT INTO Crew (crew_id, name, role, joined_date, colony_id) VALUES (205, 'Cheryl Berg', 'Commander', '2016-08-16', 91);
INSERT INTO Crew (crew_id, name, role, joined_date, colony_id) VALUES (206, 'Mary Kerr', 'Commander', '2000-05-13', 125);
INSERT INTO Crew (crew_id, name, role, joined_date, colony_id) VALUES (207, 'Rebecca Lester DDS', 'Commander', '2011-10-14', 394);
INSERT INTO Crew (crew_id, name, role, joined_date, colony_id) VALUES (208, 'Diana Mcintosh', 'Engineer', '2020-11-13', 28);
INSERT INTO Crew (crew_id, name, role, joined_date, colony_id) VALUES (209, 'Edward Murphy', 'Commander', '2004-11-01', 247);
INSERT INTO Crew (crew_id, name, role, joined_date, colony_id) VALUES (210, 'Jonathan Scott', 'Technician', '2017-03-18', 325);
INSERT INTO Crew (crew_id, name, role, joined_date, colony_id) VALUES (211, 'Jordan Perry', 'Engineer', '2006-03-15', 390);
INSERT INTO Crew (crew_id, name, role, joined_date, colony_id) VALUES (212, 'Cory Jones', 'Commander', '2003-03-25', 163);
INSERT INTO Crew (crew_id, name, role, joined_date, colony_id) VALUES (213, 'Regina Miller', 'Engineer', '2019-03-29', 182);
INSERT INTO Crew (crew_id, name, role, joined_date, colony_id) VALUES (214, 'Jason Mcdaniel', 'Technician', '2017-02-19', 55);
INSERT INTO Crew (crew_id, name, role, joined_date, colony_id) VALUES (215, 'Gina King', 'Technician', '2021-05-02', 243);
INSERT INTO Crew (crew_id, name, role, joined_date, colony_id) VALUES (216, 'Jason Rogers', 'Technician', '2010-08-25', 324);
INSERT INTO Crew (crew_id, name, role, joined_date, colony_id) VALUES (217, 'Tracy Johnson', 'Commander', '2014-10-10', 326);
INSERT INTO Crew (crew_id, name, role, joined_date, colony_id) VALUES (218, 'Dawn Ayala', 'Technician', '2014-03-17', 14);
INSERT INTO Crew (crew_id, name, role, joined_date, colony_id) VALUES (219, 'Joseph Brooks', 'Commander', '2008-02-12', 70);
INSERT INTO Crew (crew_id, name, role, joined_date, colony_id) VALUES (220, 'Michael Simpson', 'Scientist', '2008-04-05', 383);
INSERT INTO Crew (crew_id, name, role, joined_date, colony_id) VALUES (221, 'Daniel Collins', 'Engineer', '2000-10-11', 343);
INSERT INTO Crew (crew_id, name, role, joined_date, colony_id) VALUES (222, 'Curtis Francis', 'Commander', '2003-02-14', 179);
INSERT INTO Crew (crew_id, name, role, joined_date, colony_id) VALUES (223, 'Brett Newman', 'Commander', '2024-08-29', 164);
INSERT INTO Crew (crew_id, name, role, joined_date, colony_id) VALUES (224, 'Victoria Daniels', 'Technician', '2005-07-06', 311);
INSERT INTO Crew (crew_id, name, role, joined_date, colony_id) VALUES (225, 'Jesse Smith', 'Technician', '2003-11-27', 13);
INSERT INTO Crew (crew_id, name, role, joined_date, colony_id) VALUES (226, 'Preston Koch', 'Technician', '2015-11-22', 259);
INSERT INTO Crew (crew_id, name, role, joined_date, colony_id) VALUES (227, 'Natasha White', 'Commander', '2005-03-16', 249);
INSERT INTO Crew (crew_id, name, role, joined_date, colony_id) VALUES (228, 'Allison Gardner', 'Scientist', '2012-06-04', 269);
INSERT INTO Crew (crew_id, name, role, joined_date, colony_id) VALUES (229, 'Craig Mclaughlin', 'Commander', '2010-04-26', 286);
INSERT INTO Crew (crew_id, name, role, joined_date, colony_id) VALUES (230, 'Alexis Webb', 'Engineer', '2006-07-17', 323);
INSERT INTO Crew (crew_id, name, role, joined_date, colony_id) VALUES (231, 'Jessica Wright', 'Technician', '2022-10-06', 222);
INSERT INTO Crew (crew_id, name, role, joined_date, colony_id) VALUES (232, 'Juan Gonzalez', 'Engineer', '2004-05-28', 77);
INSERT INTO Crew (crew_id, name, role, joined_date, colony_id) VALUES (233, 'David Rocha', 'Scientist', '2023-02-12', 57);
INSERT INTO Crew (crew_id, name, role, joined_date, colony_id) VALUES (234, 'Cynthia White', 'Commander', '2010-08-12', 333);
INSERT INTO Crew (crew_id, name, role, joined_date, colony_id) VALUES (235, 'Patrick Cooper', 'Engineer', '2023-05-03', 3);
INSERT INTO Crew (crew_id, name, role, joined_date, colony_id) VALUES (236, 'Paul Morris', 'Scientist', '2018-07-24', 117);
INSERT INTO Crew (crew_id, name, role, joined_date, colony_id) VALUES (237, 'Samantha Williams', 'Technician', '2006-08-17', 238);
INSERT INTO Crew (crew_id, name, role, joined_date, colony_id) VALUES (238, 'Andrea Beasley', 'Engineer', '2009-02-03', 53);
INSERT INTO Crew (crew_id, name, role, joined_date, colony_id) VALUES (239, 'Tyler Cervantes', 'Scientist', '2006-03-12', 120);
INSERT INTO Crew (crew_id, name, role, joined_date, colony_id) VALUES (240, 'Tim Carter', 'Technician', '2025-01-08', 126);
INSERT INTO Crew (crew_id, name, role, joined_date, colony_id) VALUES (241, 'Douglas Myers', 'Commander', '2018-04-15', 217);
INSERT INTO Crew (crew_id, name, role, joined_date, colony_id) VALUES (242, 'Carl Jones', 'Technician', '2017-08-17', 134);
INSERT INTO Crew (crew_id, name, role, joined_date, colony_id) VALUES (243, 'John Mccarthy', 'Commander', '2018-07-10', 228);
INSERT INTO Crew (crew_id, name, role, joined_date, colony_id) VALUES (244, 'Jennifer Holder', 'Scientist', '2022-05-02', 60);
INSERT INTO Crew (crew_id, name, role, joined_date, colony_id) VALUES (245, 'James Kim', 'Scientist', '2021-11-26', 395);
INSERT INTO Crew (crew_id, name, role, joined_date, colony_id) VALUES (246, 'Kenneth Little', 'Technician', '2024-04-02', 201);
INSERT INTO Crew (crew_id, name, role, joined_date, colony_id) VALUES (247, 'Melissa Baird', 'Engineer', '2013-02-05', 73);
INSERT INTO Crew (crew_id, name, role, joined_date, colony_id) VALUES (248, 'Kristen Cooper', 'Technician', '2012-03-21', 325);
INSERT INTO Crew (crew_id, name, role, joined_date, colony_id) VALUES (249, 'Larry Ramirez', 'Commander', '2011-09-15', 279);
INSERT INTO Crew (crew_id, name, role, joined_date, colony_id) VALUES (250, 'Carla Ritter', 'Engineer', '2021-05-07', 343);
INSERT INTO Crew (crew_id, name, role, joined_date, colony_id) VALUES (251, 'Jeffrey Mack', 'Commander', '2003-11-05', 275);
INSERT INTO Crew (crew_id, name, role, joined_date, colony_id) VALUES (252, 'Ashley Lynn', 'Commander', '2017-05-13', 290);
INSERT INTO Crew (crew_id, name, role, joined_date, colony_id) VALUES (253, 'Michael Hall', 'Scientist', '2006-11-04', 208);
INSERT INTO Crew (crew_id, name, role, joined_date, colony_id) VALUES (254, 'Robert James', 'Technician', '2002-08-28', 271);
INSERT INTO Crew (crew_id, name, role, joined_date, colony_id) VALUES (255, 'Morgan Villegas', 'Technician', '2013-07-06', 47);
INSERT INTO Crew (crew_id, name, role, joined_date, colony_id) VALUES (256, 'Virginia Santos', 'Commander', '2005-09-09', 187);
INSERT INTO Crew (crew_id, name, role, joined_date, colony_id) VALUES (257, 'Donald Villa', 'Technician', '2007-12-30', 359);
INSERT INTO Crew (crew_id, name, role, joined_date, colony_id) VALUES (258, 'Mackenzie Watkins', 'Technician', '2020-03-30', 103);
INSERT INTO Crew (crew_id, name, role, joined_date, colony_id) VALUES (259, 'Nathan Thompson', 'Engineer', '2012-07-29', 93);
INSERT INTO Crew (crew_id, name, role, joined_date, colony_id) VALUES (260, 'David Sullivan', 'Engineer', '2024-01-08', 228);
INSERT INTO Crew (crew_id, name, role, joined_date, colony_id) VALUES (261, 'Carla Pearson', 'Technician', '2000-02-21', 377);
INSERT INTO Crew (crew_id, name, role, joined_date, colony_id) VALUES (262, 'Rebecca Brown', 'Technician', '2004-01-23', 239);
INSERT INTO Crew (crew_id, name, role, joined_date, colony_id) VALUES (263, 'Michael Griffin', 'Commander', '2000-12-18', 235);
INSERT INTO Crew (crew_id, name, role, joined_date, colony_id) VALUES (264, 'Michelle Robinson', 'Technician', '2009-07-11', 33);
INSERT INTO Crew (crew_id, name, role, joined_date, colony_id) VALUES (265, 'Devin Simmons', 'Engineer', '2000-12-30', 379);
INSERT INTO Crew (crew_id, name, role, joined_date, colony_id) VALUES (266, 'Beth Shepard', 'Engineer', '2011-08-02', 38);
INSERT INTO Crew (crew_id, name, role, joined_date, colony_id) VALUES (267, 'Christine Green', 'Scientist', '2014-10-11', 93);
INSERT INTO Crew (crew_id, name, role, joined_date, colony_id) VALUES (268, 'Mark Ball', 'Scientist', '2022-10-25', 151);
INSERT INTO Crew (crew_id, name, role, joined_date, colony_id) VALUES (269, 'Bobby Thompson', 'Engineer', '2001-08-20', 220);
INSERT INTO Crew (crew_id, name, role, joined_date, colony_id) VALUES (270, 'Danielle Wilkerson', 'Engineer', '2012-10-28', 129);
INSERT INTO Crew (crew_id, name, role, joined_date, colony_id) VALUES (271, 'Deborah Gill', 'Scientist', '2000-06-30', 147);
INSERT INTO Crew (crew_id, name, role, joined_date, colony_id) VALUES (272, 'Jeffery Griffith', 'Technician', '2006-01-01', 272);
INSERT INTO Crew (crew_id, name, role, joined_date, colony_id) VALUES (273, 'Gary Watkins', 'Engineer', '2005-10-11', 205);
INSERT INTO Crew (crew_id, name, role, joined_date, colony_id) VALUES (274, 'Spencer Harvey', 'Scientist', '2017-09-11', 13);
INSERT INTO Crew (crew_id, name, role, joined_date, colony_id) VALUES (275, 'Jonathan Griffin', 'Scientist', '2002-02-18', 39);
INSERT INTO Crew (crew_id, name, role, joined_date, colony_id) VALUES (276, 'Roger Castillo', 'Scientist', '2013-04-06', 133);
INSERT INTO Crew (crew_id, name, role, joined_date, colony_id) VALUES (277, 'Mark Adams', 'Commander', '2011-06-29', 92);
INSERT INTO Crew (crew_id, name, role, joined_date, colony_id) VALUES (278, 'Mercedes Young', 'Commander', '2009-09-05', 3);
INSERT INTO Crew (crew_id, name, role, joined_date, colony_id) VALUES (279, 'Sharon Johnston', 'Technician', '2021-06-13', 36);
INSERT INTO Crew (crew_id, name, role, joined_date, colony_id) VALUES (280, 'Sarah Harrison', 'Engineer', '2021-11-23', 186);
INSERT INTO Crew (crew_id, name, role, joined_date, colony_id) VALUES (281, 'Mark Johnson', 'Engineer', '2021-01-14', 14);
INSERT INTO Crew (crew_id, name, role, joined_date, colony_id) VALUES (282, 'Laura Horton', 'Commander', '2012-02-05', 335);
INSERT INTO Crew (crew_id, name, role, joined_date, colony_id) VALUES (283, 'Rachel Hood', 'Technician', '2024-05-02', 115);
INSERT INTO Crew (crew_id, name, role, joined_date, colony_id) VALUES (284, 'Madison Wells', 'Scientist', '2014-06-20', 34);
INSERT INTO Crew (crew_id, name, role, joined_date, colony_id) VALUES (285, 'Barbara Contreras', 'Scientist', '2011-03-02', 282);
INSERT INTO Crew (crew_id, name, role, joined_date, colony_id) VALUES (286, 'Crystal Gilbert', 'Commander', '2011-01-21', 51);
INSERT INTO Crew (crew_id, name, role, joined_date, colony_id) VALUES (287, 'Alexander Powell', 'Commander', '2000-07-12', 223);
INSERT INTO Crew (crew_id, name, role, joined_date, colony_id) VALUES (288, 'Derek Moran', 'Commander', '2003-05-19', 199);
INSERT INTO Crew (crew_id, name, role, joined_date, colony_id) VALUES (289, 'Monica Jones', 'Technician', '2023-12-22', 146);
INSERT INTO Crew (crew_id, name, role, joined_date, colony_id) VALUES (290, 'Kyle Novak', 'Scientist', '2023-06-18', 112);
INSERT INTO Crew (crew_id, name, role, joined_date, colony_id) VALUES (291, 'Micheal Rodriguez', 'Commander', '2017-10-18', 179);
INSERT INTO Crew (crew_id, name, role, joined_date, colony_id) VALUES (292, 'Jeanne Olson', 'Engineer', '2018-05-18', 92);
INSERT INTO Crew (crew_id, name, role, joined_date, colony_id) VALUES (293, 'Jacob Chaney', 'Scientist', '2002-11-08', 218);
INSERT INTO Crew (crew_id, name, role, joined_date, colony_id) VALUES (294, 'Amber Fitzgerald', 'Commander', '2007-07-01', 69);
INSERT INTO Crew (crew_id, name, role, joined_date, colony_id) VALUES (295, 'Carla Smith', 'Engineer', '2025-03-12', 139);
INSERT INTO Crew (crew_id, name, role, joined_date, colony_id) VALUES (296, 'Lauren Koch', 'Technician', '2009-03-07', 320);
INSERT INTO Crew (crew_id, name, role, joined_date, colony_id) VALUES (297, 'Katherine Lewis', 'Technician', '2015-01-25', 182);
INSERT INTO Crew (crew_id, name, role, joined_date, colony_id) VALUES (298, 'Rebecca Roberson', 'Technician', '2009-08-18', 296);
INSERT INTO Crew (crew_id, name, role, joined_date, colony_id) VALUES (299, 'Joseph Stone', 'Scientist', '2021-06-05', 378);
INSERT INTO Crew (crew_id, name, role, joined_date, colony_id) VALUES (300, 'Julie Smith', 'Technician', '2008-07-06', 206);
INSERT INTO Crew (crew_id, name, role, joined_date, colony_id) VALUES (301, 'Jennifer Petty', 'Scientist', '2018-11-05', 271);
INSERT INTO Crew (crew_id, name, role, joined_date, colony_id) VALUES (302, 'Olivia Smith MD', 'Commander', '2010-10-11', 204);
INSERT INTO Crew (crew_id, name, role, joined_date, colony_id) VALUES (303, 'Regina Osborne', 'Engineer', '2009-04-30', 12);
INSERT INTO Crew (crew_id, name, role, joined_date, colony_id) VALUES (304, 'Diane Williams', 'Engineer', '2015-03-18', 356);
INSERT INTO Crew (crew_id, name, role, joined_date, colony_id) VALUES (305, 'Gina Jennings', 'Engineer', '2004-11-29', 108);
INSERT INTO Crew (crew_id, name, role, joined_date, colony_id) VALUES (306, 'Natalie Richardson', 'Technician', '2019-01-16', 281);
INSERT INTO Crew (crew_id, name, role, joined_date, colony_id) VALUES (307, 'Joseph Mcmahon', 'Commander', '2019-08-09', 171);
INSERT INTO Crew (crew_id, name, role, joined_date, colony_id) VALUES (308, 'Ronald Stevens', 'Scientist', '2010-03-05', 95);
INSERT INTO Crew (crew_id, name, role, joined_date, colony_id) VALUES (309, 'Jeremy Bradley', 'Technician', '2020-07-23', 74);
INSERT INTO Crew (crew_id, name, role, joined_date, colony_id) VALUES (310, 'Terri Norris', 'Commander', '2005-05-13', 148);
INSERT INTO Crew (crew_id, name, role, joined_date, colony_id) VALUES (311, 'Andrew Harvey', 'Commander', '2023-10-08', 230);
INSERT INTO Crew (crew_id, name, role, joined_date, colony_id) VALUES (312, 'Christopher Summers', 'Scientist', '2021-12-23', 161);
INSERT INTO Crew (crew_id, name, role, joined_date, colony_id) VALUES (313, 'Andrea Stafford', 'Commander', '2007-05-29', 353);
INSERT INTO Crew (crew_id, name, role, joined_date, colony_id) VALUES (314, 'Gregory Harrison', 'Technician', '2002-07-14', 176);
INSERT INTO Crew (crew_id, name, role, joined_date, colony_id) VALUES (315, 'Angela Jenkins', 'Scientist', '2020-10-17', 40);
INSERT INTO Crew (crew_id, name, role, joined_date, colony_id) VALUES (316, 'Kevin Hardin', 'Scientist', '2023-03-20', 400);
INSERT INTO Crew (crew_id, name, role, joined_date, colony_id) VALUES (317, 'Nathan Parker', 'Commander', '2021-11-04', 11);
INSERT INTO Crew (crew_id, name, role, joined_date, colony_id) VALUES (318, 'Monique Mills', 'Engineer', '2020-03-23', 115);
INSERT INTO Crew (crew_id, name, role, joined_date, colony_id) VALUES (319, 'Patrick Cervantes', 'Technician', '2002-03-06', 222);
INSERT INTO Crew (crew_id, name, role, joined_date, colony_id) VALUES (320, 'Rebecca Anderson', 'Scientist', '2001-10-18', 280);
INSERT INTO Crew (crew_id, name, role, joined_date, colony_id) VALUES (321, 'Jaime Campbell', 'Scientist', '2004-10-08', 239);
INSERT INTO Crew (crew_id, name, role, joined_date, colony_id) VALUES (322, 'Jose Graham', 'Commander', '2013-01-06', 250);
INSERT INTO Crew (crew_id, name, role, joined_date, colony_id) VALUES (323, 'Thomas Dean', 'Technician', '2014-05-28', 242);
INSERT INTO Crew (crew_id, name, role, joined_date, colony_id) VALUES (324, 'Kenneth Wright', 'Commander', '2009-07-07', 299);
INSERT INTO Crew (crew_id, name, role, joined_date, colony_id) VALUES (325, 'Justin Diaz', 'Scientist', '2018-01-24', 298);
INSERT INTO Crew (crew_id, name, role, joined_date, colony_id) VALUES (326, 'Nicholas Miller', 'Technician', '2007-02-12', 130);
INSERT INTO Crew (crew_id, name, role, joined_date, colony_id) VALUES (327, 'Michelle Brown', 'Technician', '2009-06-22', 333);
INSERT INTO Crew (crew_id, name, role, joined_date, colony_id) VALUES (328, 'Emily Benjamin', 'Engineer', '2001-06-19', 165);
INSERT INTO Crew (crew_id, name, role, joined_date, colony_id) VALUES (329, 'Stephanie Rivera', 'Commander', '2000-08-03', 48);
INSERT INTO Crew (crew_id, name, role, joined_date, colony_id) VALUES (330, 'Melissa Beasley', 'Engineer', '2021-11-06', 141);
INSERT INTO Crew (crew_id, name, role, joined_date, colony_id) VALUES (331, 'Emily Parker', 'Engineer', '2005-07-28', 75);
INSERT INTO Crew (crew_id, name, role, joined_date, colony_id) VALUES (332, 'Jacqueline Stevenson', 'Engineer', '2002-01-24', 399);
INSERT INTO Crew (crew_id, name, role, joined_date, colony_id) VALUES (333, 'Charles Andrews', 'Commander', '2001-10-14', 208);
INSERT INTO Crew (crew_id, name, role, joined_date, colony_id) VALUES (334, 'Tonya Roy', 'Scientist', '2022-04-21', 385);
INSERT INTO Crew (crew_id, name, role, joined_date, colony_id) VALUES (335, 'Louis Larson', 'Engineer', '2016-08-01', 25);
INSERT INTO Crew (crew_id, name, role, joined_date, colony_id) VALUES (336, 'Jennifer Hughes', 'Commander', '2007-01-09', 203);
INSERT INTO Crew (crew_id, name, role, joined_date, colony_id) VALUES (337, 'Allison Turner', 'Scientist', '2004-08-20', 104);
INSERT INTO Crew (crew_id, name, role, joined_date, colony_id) VALUES (338, 'Deborah Marshall', 'Scientist', '2003-12-21', 201);
INSERT INTO Crew (crew_id, name, role, joined_date, colony_id) VALUES (339, 'Christopher Griffin', 'Commander', '2012-05-11', 299);
INSERT INTO Crew (crew_id, name, role, joined_date, colony_id) VALUES (340, 'Garrett Sanders', 'Technician', '2023-07-18', 94);
INSERT INTO Crew (crew_id, name, role, joined_date, colony_id) VALUES (341, 'William Fox', 'Commander', '2008-08-24', 48);
INSERT INTO Crew (crew_id, name, role, joined_date, colony_id) VALUES (342, 'Casey Salazar', 'Commander', '2023-04-28', 65);
INSERT INTO Crew (crew_id, name, role, joined_date, colony_id) VALUES (343, 'Carla Logan', 'Scientist', '2004-06-13', 68);
INSERT INTO Crew (crew_id, name, role, joined_date, colony_id) VALUES (344, 'Dennis Yang Jr.', 'Engineer', '2010-10-16', 152);
INSERT INTO Crew (crew_id, name, role, joined_date, colony_id) VALUES (345, 'Joyce Harrison', 'Engineer', '2001-09-07', 215);
INSERT INTO Crew (crew_id, name, role, joined_date, colony_id) VALUES (346, 'Cole Thomas', 'Commander', '2010-03-12', 23);
INSERT INTO Crew (crew_id, name, role, joined_date, colony_id) VALUES (347, 'Melissa White', 'Engineer', '2021-11-07', 356);
INSERT INTO Crew (crew_id, name, role, joined_date, colony_id) VALUES (348, 'Margaret Hamilton', 'Engineer', '2023-09-22', 232);
INSERT INTO Crew (crew_id, name, role, joined_date, colony_id) VALUES (349, 'Tracy Mack', 'Scientist', '2005-02-15', 331);
INSERT INTO Crew (crew_id, name, role, joined_date, colony_id) VALUES (350, 'Denise Robles', 'Scientist', '2008-04-04', 106);
INSERT INTO Crew (crew_id, name, role, joined_date, colony_id) VALUES (351, 'Ryan Thomas', 'Scientist', '2014-07-17', 335);
INSERT INTO Crew (crew_id, name, role, joined_date, colony_id) VALUES (352, 'Stephen Hensley', 'Commander', '2013-04-13', 229);
INSERT INTO Crew (crew_id, name, role, joined_date, colony_id) VALUES (353, 'April Boyd', 'Commander', '2005-04-01', 381);
INSERT INTO Crew (crew_id, name, role, joined_date, colony_id) VALUES (354, 'Lisa Cunningham', 'Engineer', '2008-11-25', 339);
INSERT INTO Crew (crew_id, name, role, joined_date, colony_id) VALUES (355, 'Sara Robbins', 'Commander', '2003-08-22', 43);
INSERT INTO Crew (crew_id, name, role, joined_date, colony_id) VALUES (356, 'Stacy Leon', 'Scientist', '2006-06-01', 74);
INSERT INTO Crew (crew_id, name, role, joined_date, colony_id) VALUES (357, 'Donna Burch', 'Technician', '2000-10-17', 240);
INSERT INTO Crew (crew_id, name, role, joined_date, colony_id) VALUES (358, 'Kenneth Doyle', 'Technician', '2010-05-28', 134);
INSERT INTO Crew (crew_id, name, role, joined_date, colony_id) VALUES (359, 'Ms. Emily Cox', 'Scientist', '2003-06-17', 308);
INSERT INTO Crew (crew_id, name, role, joined_date, colony_id) VALUES (360, 'Samantha Larson', 'Technician', '2019-05-08', 38);
INSERT INTO Crew (crew_id, name, role, joined_date, colony_id) VALUES (361, 'Michael Glass', 'Scientist', '2009-09-28', 103);
INSERT INTO Crew (crew_id, name, role, joined_date, colony_id) VALUES (362, 'Katelyn Clarke', 'Technician', '2017-05-18', 81);
INSERT INTO Crew (crew_id, name, role, joined_date, colony_id) VALUES (363, 'Christina Wilkinson', 'Engineer', '2004-12-11', 311);
INSERT INTO Crew (crew_id, name, role, joined_date, colony_id) VALUES (364, 'Michelle Bishop', 'Engineer', '2015-10-04', 13);
INSERT INTO Crew (crew_id, name, role, joined_date, colony_id) VALUES (365, 'Chase Hernandez', 'Technician', '2015-07-29', 306);
INSERT INTO Crew (crew_id, name, role, joined_date, colony_id) VALUES (366, 'Kristin Koch', 'Engineer', '2012-08-16', 342);
INSERT INTO Crew (crew_id, name, role, joined_date, colony_id) VALUES (367, 'Steven Reyes', 'Engineer', '2014-11-29', 177);
INSERT INTO Crew (crew_id, name, role, joined_date, colony_id) VALUES (368, 'Logan Johnson', 'Engineer', '2013-12-25', 142);
INSERT INTO Crew (crew_id, name, role, joined_date, colony_id) VALUES (369, 'Steven Brown', 'Scientist', '2015-11-22', 385);
INSERT INTO Crew (crew_id, name, role, joined_date, colony_id) VALUES (370, 'Cindy Andrade', 'Technician', '2014-09-07', 30);
INSERT INTO Crew (crew_id, name, role, joined_date, colony_id) VALUES (371, 'Tami Wright', 'Commander', '2010-09-23', 66);
INSERT INTO Crew (crew_id, name, role, joined_date, colony_id) VALUES (372, 'Kimberly Scott', 'Technician', '2015-08-14', 29);
INSERT INTO Crew (crew_id, name, role, joined_date, colony_id) VALUES (373, 'Paula Hernandez', 'Scientist', '2016-01-13', 37);
INSERT INTO Crew (crew_id, name, role, joined_date, colony_id) VALUES (374, 'Charles Hinton', 'Scientist', '2010-07-13', 292);
INSERT INTO Crew (crew_id, name, role, joined_date, colony_id) VALUES (375, 'Benjamin Hunt', 'Technician', '2005-09-04', 304);
INSERT INTO Crew (crew_id, name, role, joined_date, colony_id) VALUES (376, 'Terri Roy', 'Engineer', '2003-03-29', 234);
INSERT INTO Crew (crew_id, name, role, joined_date, colony_id) VALUES (377, 'Daniel Garcia', 'Technician', '2009-11-18', 91);
INSERT INTO Crew (crew_id, name, role, joined_date, colony_id) VALUES (378, 'Kim Pope', 'Scientist', '2005-05-17', 395);
INSERT INTO Crew (crew_id, name, role, joined_date, colony_id) VALUES (379, 'Justin Fernandez', 'Scientist', '2024-06-06', 72);
INSERT INTO Crew (crew_id, name, role, joined_date, colony_id) VALUES (380, 'Caroline Wolf', 'Technician', '2016-08-26', 176);
INSERT INTO Crew (crew_id, name, role, joined_date, colony_id) VALUES (381, 'Alexis Cannon', 'Engineer', '2002-03-14', 120);
INSERT INTO Crew (crew_id, name, role, joined_date, colony_id) VALUES (382, 'Joshua Chambers', 'Engineer', '2014-06-28', 148);
INSERT INTO Crew (crew_id, name, role, joined_date, colony_id) VALUES (383, 'Emily Mcguire', 'Commander', '2000-07-06', 153);
INSERT INTO Crew (crew_id, name, role, joined_date, colony_id) VALUES (384, 'Nicole Simmons', 'Engineer', '2014-09-26', 355);
INSERT INTO Crew (crew_id, name, role, joined_date, colony_id) VALUES (385, 'Christian Colon', 'Scientist', '2005-10-03', 353);
INSERT INTO Crew (crew_id, name, role, joined_date, colony_id) VALUES (386, 'Richard Freeman', 'Scientist', '2013-12-03', 171);
INSERT INTO Crew (crew_id, name, role, joined_date, colony_id) VALUES (387, 'Jonathan Rodriguez', 'Commander', '2000-09-08', 353);
INSERT INTO Crew (crew_id, name, role, joined_date, colony_id) VALUES (388, 'Kimberly Richards', 'Scientist', '2015-04-10', 100);
INSERT INTO Crew (crew_id, name, role, joined_date, colony_id) VALUES (389, 'Jason Ware', 'Technician', '2024-06-08', 174);
INSERT INTO Crew (crew_id, name, role, joined_date, colony_id) VALUES (390, 'April Williams', 'Technician', '2000-02-23', 205);
INSERT INTO Crew (crew_id, name, role, joined_date, colony_id) VALUES (391, 'Alexander Smith', 'Technician', '2006-11-19', 256);
INSERT INTO Crew (crew_id, name, role, joined_date, colony_id) VALUES (392, 'Connie Campbell', 'Technician', '2001-07-14', 28);
INSERT INTO Crew (crew_id, name, role, joined_date, colony_id) VALUES (393, 'Amanda Warren', 'Commander', '2011-01-10', 55);
INSERT INTO Crew (crew_id, name, role, joined_date, colony_id) VALUES (394, 'Larry Andrews', 'Scientist', '2013-05-02', 135);
INSERT INTO Crew (crew_id, name, role, joined_date, colony_id) VALUES (395, 'Christopher Phillips', 'Scientist', '2007-03-18', 39);
INSERT INTO Crew (crew_id, name, role, joined_date, colony_id) VALUES (396, 'Amber Gardner', 'Scientist', '2024-09-18', 33);
INSERT INTO Crew (crew_id, name, role, joined_date, colony_id) VALUES (397, 'Amy Dixon', 'Scientist', '2021-08-31', 86);
INSERT INTO Crew (crew_id, name, role, joined_date, colony_id) VALUES (398, 'Roberto Ray', 'Engineer', '2002-10-11', 316);
INSERT INTO Crew (crew_id, name, role, joined_date, colony_id) VALUES (399, 'Thomas Moran', 'Engineer', '2024-11-29', 22);
INSERT INTO Crew (crew_id, name, role, joined_date, colony_id) VALUES (400, 'Ryan Proctor', 'Technician', '2016-10-30', 22);
INSERT INTO Researcher (researcher_id, name, research_field, crew_id) VALUES (1, 'Meghan Rodriguez', 'AI Research', 116);
INSERT INTO Researcher (researcher_id, name, research_field, crew_id) VALUES (2, 'Dr. Jacob Hunt', 'Astrobiology', 149);
INSERT INTO Researcher (researcher_id, name, research_field, crew_id) VALUES (3, 'Diana Frank', 'AI Research', 324);
INSERT INTO Researcher (researcher_id, name, research_field, crew_id) VALUES (4, 'Wyatt Sandoval', 'Radiation Studies', 330);
INSERT INTO Researcher (researcher_id, name, research_field, crew_id) VALUES (5, 'Amy Crawford', 'Radiation Studies', 195);
INSERT INTO Researcher (researcher_id, name, research_field, crew_id) VALUES (6, 'Anthony Miller', 'Astrobiology', 166);
INSERT INTO Researcher (researcher_id, name, research_field, crew_id) VALUES (7, 'Tiffany Jefferson MD', 'AI Research', 188);
INSERT INTO Researcher (researcher_id, name, research_field, crew_id) VALUES (8, 'Christopher Mccoy', 'AI Research', 261);
INSERT INTO Researcher (researcher_id, name, research_field, crew_id) VALUES (9, 'David Harris', 'Astrobiology', 86);
INSERT INTO Researcher (researcher_id, name, research_field, crew_id) VALUES (10, 'George Bennett', 'AI Research', 90);
INSERT INTO Researcher (researcher_id, name, research_field, crew_id) VALUES (11, 'Linda Fisher', 'AI Research', 190);
INSERT INTO Researcher (researcher_id, name, research_field, crew_id) VALUES (12, 'Deborah Welch', 'AI Research', 159);
INSERT INTO Researcher (researcher_id, name, research_field, crew_id) VALUES (13, 'Blake Fisher', 'Geology', 372);
INSERT INTO Researcher (researcher_id, name, research_field, crew_id) VALUES (14, 'Gregory Wagner', 'Geology', 176);
INSERT INTO Researcher (researcher_id, name, research_field, crew_id) VALUES (15, 'Miranda Adams', 'Geology', 47);
INSERT INTO Researcher (researcher_id, name, research_field, crew_id) VALUES (16, 'Mr. William Ray', 'AI Research', 375);
INSERT INTO Researcher (researcher_id, name, research_field, crew_id) VALUES (17, 'Jessica Miller', 'Astrobiology', 11);
INSERT INTO Researcher (researcher_id, name, research_field, crew_id) VALUES (18, 'Jill Randolph', 'AI Research', 177);
INSERT INTO Researcher (researcher_id, name, research_field, crew_id) VALUES (19, 'Lisa Morris', 'Geology', 349);
INSERT INTO Researcher (researcher_id, name, research_field, crew_id) VALUES (20, 'Tyrone Walker', 'Radiation Studies', 343);
INSERT INTO Researcher (researcher_id, name, research_field, crew_id) VALUES (21, 'Jonathan Perkins', 'Astrobiology', 279);
INSERT INTO Researcher (researcher_id, name, research_field, crew_id) VALUES (22, 'James Jones', 'Astrobiology', 217);
INSERT INTO Researcher (researcher_id, name, research_field, crew_id) VALUES (23, 'Erica Hayes', 'Radiation Studies', 297);
INSERT INTO Researcher (researcher_id, name, research_field, crew_id) VALUES (24, 'Ronald Owens', 'AI Research', 59);
INSERT INTO Researcher (researcher_id, name, research_field, crew_id) VALUES (25, 'Amber Young', 'Astrobiology', 109);
INSERT INTO Researcher (researcher_id, name, research_field, crew_id) VALUES (26, 'Melanie Johnson', 'Radiation Studies', 292);
INSERT INTO Researcher (researcher_id, name, research_field, crew_id) VALUES (27, 'Rita Terry', 'Radiation Studies', 294);
INSERT INTO Researcher (researcher_id, name, research_field, crew_id) VALUES (28, 'Terry Johnson', 'Geology', 229);
INSERT INTO Researcher (researcher_id, name, research_field, crew_id) VALUES (29, 'Melissa Smith', 'AI Research', 224);
INSERT INTO Researcher (researcher_id, name, research_field, crew_id) VALUES (30, 'Jeffrey Anderson', 'Geology', 5);
INSERT INTO Researcher (researcher_id, name, research_field, crew_id) VALUES (31, 'Melinda Carter MD', 'Astrobiology', 73);
INSERT INTO Researcher (researcher_id, name, research_field, crew_id) VALUES (32, 'Eric Lutz', 'AI Research', 37);
INSERT INTO Researcher (researcher_id, name, research_field, crew_id) VALUES (33, 'Mrs. Elaine Miller', 'AI Research', 133);
INSERT INTO Researcher (researcher_id, name, research_field, crew_id) VALUES (34, 'Jessica Perez', 'AI Research', 363);
INSERT INTO Researcher (researcher_id, name, research_field, crew_id) VALUES (35, 'Nancy Perkins', 'Astrobiology', 310);
INSERT INTO Researcher (researcher_id, name, research_field, crew_id) VALUES (36, 'Reginald James', 'Astrobiology', 79);
INSERT INTO Researcher (researcher_id, name, research_field, crew_id) VALUES (37, 'Tyler Nguyen', 'Geology', 397);
INSERT INTO Researcher (researcher_id, name, research_field, crew_id) VALUES (38, 'Rebecca Ray', 'Geology', 260);
INSERT INTO Researcher (researcher_id, name, research_field, crew_id) VALUES (39, 'Julie Cook', 'Geology', 161);
INSERT INTO Researcher (researcher_id, name, research_field, crew_id) VALUES (40, 'Samuel Griffith', 'Astrobiology', 319);
INSERT INTO Researcher (researcher_id, name, research_field, crew_id) VALUES (41, 'Cameron Gordon', 'Geology', 290);
INSERT INTO Researcher (researcher_id, name, research_field, crew_id) VALUES (42, 'Edward Smith', 'Geology', 107);
INSERT INTO Researcher (researcher_id, name, research_field, crew_id) VALUES (43, 'Nathaniel Mason', 'Geology', 124);
INSERT INTO Researcher (researcher_id, name, research_field, crew_id) VALUES (44, 'Logan Webb', 'Radiation Studies', 121);
INSERT INTO Researcher (researcher_id, name, research_field, crew_id) VALUES (45, 'Sheri Roberts', 'AI Research', 275);
INSERT INTO Researcher (researcher_id, name, research_field, crew_id) VALUES (46, 'Kristi Bauer', 'Geology', 12);
INSERT INTO Researcher (researcher_id, name, research_field, crew_id) VALUES (47, 'Albert Williams', 'AI Research', 111);
INSERT INTO Researcher (researcher_id, name, research_field, crew_id) VALUES (48, 'Jessica Bryan', 'Radiation Studies', 386);
INSERT INTO Researcher (researcher_id, name, research_field, crew_id) VALUES (49, 'Rodney Skinner', 'Geology', 1);
INSERT INTO Researcher (researcher_id, name, research_field, crew_id) VALUES (50, 'Kathryn Barnett', 'Geology', 183);
INSERT INTO Researcher (researcher_id, name, research_field, crew_id) VALUES (51, 'Edward Howard', 'Radiation Studies', 275);
INSERT INTO Researcher (researcher_id, name, research_field, crew_id) VALUES (52, 'Jacob Lewis', 'Geology', 255);
INSERT INTO Researcher (researcher_id, name, research_field, crew_id) VALUES (53, 'Heather Williams', 'Radiation Studies', 165);
INSERT INTO Researcher (researcher_id, name, research_field, crew_id) VALUES (54, 'Stephanie Ferguson', 'Geology', 34);
INSERT INTO Researcher (researcher_id, name, research_field, crew_id) VALUES (55, 'Anthony Howard', 'AI Research', 349);
INSERT INTO Researcher (researcher_id, name, research_field, crew_id) VALUES (56, 'Sharon Davis', 'AI Research', 107);
INSERT INTO Researcher (researcher_id, name, research_field, crew_id) VALUES (57, 'Emily Jackson', 'Radiation Studies', 232);
INSERT INTO Researcher (researcher_id, name, research_field, crew_id) VALUES (58, 'Mrs. Tonya Long', 'Astrobiology', 287);
INSERT INTO Researcher (researcher_id, name, research_field, crew_id) VALUES (59, 'Julian Sims', 'Astrobiology', 113);
INSERT INTO Researcher (researcher_id, name, research_field, crew_id) VALUES (60, 'Gregory Porter', 'Astrobiology', 328);
INSERT INTO Researcher (researcher_id, name, research_field, crew_id) VALUES (61, 'Leslie Davenport', 'Geology', 53);
INSERT INTO Researcher (researcher_id, name, research_field, crew_id) VALUES (62, 'Luis Higgins', 'AI Research', 321);
INSERT INTO Researcher (researcher_id, name, research_field, crew_id) VALUES (63, 'Samantha Romero', 'Geology', 300);
INSERT INTO Researcher (researcher_id, name, research_field, crew_id) VALUES (64, 'Tim Powell', 'Astrobiology', 213);
INSERT INTO Researcher (researcher_id, name, research_field, crew_id) VALUES (65, 'Sean Davis', 'Radiation Studies', 291);
INSERT INTO Researcher (researcher_id, name, research_field, crew_id) VALUES (66, 'Darren Stevens', 'Astrobiology', 36);
INSERT INTO Researcher (researcher_id, name, research_field, crew_id) VALUES (67, 'David Klein', 'AI Research', 101);
INSERT INTO Researcher (researcher_id, name, research_field, crew_id) VALUES (68, 'Elizabeth Nelson', 'AI Research', 243);
INSERT INTO Researcher (researcher_id, name, research_field, crew_id) VALUES (69, 'Paul Gibson', 'Astrobiology', 386);
INSERT INTO Researcher (researcher_id, name, research_field, crew_id) VALUES (70, 'Mary Villanueva', 'Astrobiology', 90);
INSERT INTO Researcher (researcher_id, name, research_field, crew_id) VALUES (71, 'Joe James', 'Radiation Studies', 261);
INSERT INTO Researcher (researcher_id, name, research_field, crew_id) VALUES (72, 'Andre Baker', 'Astrobiology', 268);
INSERT INTO Researcher (researcher_id, name, research_field, crew_id) VALUES (73, 'George Moody', 'Astrobiology', 177);
INSERT INTO Researcher (researcher_id, name, research_field, crew_id) VALUES (74, 'Michael Reyes', 'AI Research', 240);
INSERT INTO Researcher (researcher_id, name, research_field, crew_id) VALUES (75, 'Jennifer Moyer', 'Radiation Studies', 323);
INSERT INTO Researcher (researcher_id, name, research_field, crew_id) VALUES (76, 'Theresa Martinez', 'Astrobiology', 88);
INSERT INTO Researcher (researcher_id, name, research_field, crew_id) VALUES (77, 'Tracy Brown', 'Astrobiology', 145);
INSERT INTO Researcher (researcher_id, name, research_field, crew_id) VALUES (78, 'Marc Gonzalez', 'Astrobiology', 262);
INSERT INTO Researcher (researcher_id, name, research_field, crew_id) VALUES (79, 'Christine Wall', 'Radiation Studies', 105);
INSERT INTO Researcher (researcher_id, name, research_field, crew_id) VALUES (80, 'Jacob Lewis', 'AI Research', 153);
INSERT INTO Researcher (researcher_id, name, research_field, crew_id) VALUES (81, 'Amanda Cunningham', 'Geology', 279);
INSERT INTO Researcher (researcher_id, name, research_field, crew_id) VALUES (82, 'April Soto', 'Radiation Studies', 378);
INSERT INTO Researcher (researcher_id, name, research_field, crew_id) VALUES (83, 'Tammy King', 'AI Research', 329);
INSERT INTO Researcher (researcher_id, name, research_field, crew_id) VALUES (84, 'Angela Baker', 'Geology', 279);
INSERT INTO Researcher (researcher_id, name, research_field, crew_id) VALUES (85, 'Margaret Phillips', 'Astrobiology', 39);
INSERT INTO Researcher (researcher_id, name, research_field, crew_id) VALUES (86, 'Norma Dawson', 'Radiation Studies', 90);
INSERT INTO Researcher (researcher_id, name, research_field, crew_id) VALUES (87, 'Cory Johnson', 'AI Research', 166);
INSERT INTO Researcher (researcher_id, name, research_field, crew_id) VALUES (88, 'Richard Peterson', 'AI Research', 235);
INSERT INTO Researcher (researcher_id, name, research_field, crew_id) VALUES (89, 'Mary Spence', 'AI Research', 346);
INSERT INTO Researcher (researcher_id, name, research_field, crew_id) VALUES (90, 'Matthew Vega', 'AI Research', 65);
INSERT INTO Researcher (researcher_id, name, research_field, crew_id) VALUES (91, 'Julie Kelly', 'Astrobiology', 167);
INSERT INTO Researcher (researcher_id, name, research_field, crew_id) VALUES (92, 'Lisa Thompson', 'Geology', 188);
INSERT INTO Researcher (researcher_id, name, research_field, crew_id) VALUES (93, 'Heidi Fry', 'Radiation Studies', 240);
INSERT INTO Researcher (researcher_id, name, research_field, crew_id) VALUES (94, 'Martin Jordan', 'Astrobiology', 245);
INSERT INTO Researcher (researcher_id, name, research_field, crew_id) VALUES (95, 'Tonya Jackson', 'Radiation Studies', 84);
INSERT INTO Researcher (researcher_id, name, research_field, crew_id) VALUES (96, 'Peter Villanueva', 'Astrobiology', 321);
INSERT INTO Researcher (researcher_id, name, research_field, crew_id) VALUES (97, 'Chad Rodriguez', 'Radiation Studies', 172);
INSERT INTO Researcher (researcher_id, name, research_field, crew_id) VALUES (98, 'William Hall', 'AI Research', 320);
INSERT INTO Researcher (researcher_id, name, research_field, crew_id) VALUES (99, 'Jennifer Rivera', 'Astrobiology', 383);
INSERT INTO Researcher (researcher_id, name, research_field, crew_id) VALUES (100, 'Eric Anderson', 'AI Research', 287);
INSERT INTO Researcher (researcher_id, name, research_field, crew_id) VALUES (101, 'Jose Wallace', 'Geology', 313);
INSERT INTO Researcher (researcher_id, name, research_field, crew_id) VALUES (102, 'Micheal Ray', 'AI Research', 128);
INSERT INTO Researcher (researcher_id, name, research_field, crew_id) VALUES (103, 'Misty Savage', 'AI Research', 25);
INSERT INTO Researcher (researcher_id, name, research_field, crew_id) VALUES (104, 'Bryan Santana DDS', 'Geology', 283);
INSERT INTO Researcher (researcher_id, name, research_field, crew_id) VALUES (105, 'Leah Mills', 'Radiation Studies', 49);
INSERT INTO Researcher (researcher_id, name, research_field, crew_id) VALUES (106, 'Gabrielle Pratt', 'Radiation Studies', 154);
INSERT INTO Researcher (researcher_id, name, research_field, crew_id) VALUES (107, 'Dr. Matthew Alvarez', 'AI Research', 248);
INSERT INTO Researcher (researcher_id, name, research_field, crew_id) VALUES (108, 'Ivan Chen II', 'Geology', 370);
INSERT INTO Researcher (researcher_id, name, research_field, crew_id) VALUES (109, 'Samantha Allen', 'Astrobiology', 239);
INSERT INTO Researcher (researcher_id, name, research_field, crew_id) VALUES (110, 'Marie Williams', 'Radiation Studies', 270);
INSERT INTO Researcher (researcher_id, name, research_field, crew_id) VALUES (111, 'Kelly Cox', 'Radiation Studies', 278);
INSERT INTO Researcher (researcher_id, name, research_field, crew_id) VALUES (112, 'Laura Tate PhD', 'Astrobiology', 198);
INSERT INTO Researcher (researcher_id, name, research_field, crew_id) VALUES (113, 'Matthew Bryant', 'Astrobiology', 104);
INSERT INTO Researcher (researcher_id, name, research_field, crew_id) VALUES (114, 'David Johnson', 'Geology', 209);
INSERT INTO Researcher (researcher_id, name, research_field, crew_id) VALUES (115, 'Kristin Lopez', 'Geology', 25);
INSERT INTO Researcher (researcher_id, name, research_field, crew_id) VALUES (116, 'Carrie Rivas', 'Geology', 99);
INSERT INTO Researcher (researcher_id, name, research_field, crew_id) VALUES (117, 'Steven Carlson', 'AI Research', 17);
INSERT INTO Researcher (researcher_id, name, research_field, crew_id) VALUES (118, 'Brandon Walker', 'Radiation Studies', 211);
INSERT INTO Researcher (researcher_id, name, research_field, crew_id) VALUES (119, 'Robert Cole', 'AI Research', 44);
INSERT INTO Researcher (researcher_id, name, research_field, crew_id) VALUES (120, 'Christopher Stephens', 'Astrobiology', 52);
INSERT INTO Researcher (researcher_id, name, research_field, crew_id) VALUES (121, 'Monica Smith', 'AI Research', 322);
INSERT INTO Researcher (researcher_id, name, research_field, crew_id) VALUES (122, 'Dustin Hickman', 'Astrobiology', 253);
INSERT INTO Researcher (researcher_id, name, research_field, crew_id) VALUES (123, 'Diana Hudson', 'AI Research', 194);
INSERT INTO Researcher (researcher_id, name, research_field, crew_id) VALUES (124, 'Abigail Ochoa', 'Geology', 344);
INSERT INTO Researcher (researcher_id, name, research_field, crew_id) VALUES (125, 'Holly Reynolds', 'Astrobiology', 96);
INSERT INTO Researcher (researcher_id, name, research_field, crew_id) VALUES (126, 'Michael Nelson', 'Geology', 218);
INSERT INTO Researcher (researcher_id, name, research_field, crew_id) VALUES (127, 'Joshua Hunter MD', 'Geology', 190);
INSERT INTO Researcher (researcher_id, name, research_field, crew_id) VALUES (128, 'Natalie Martinez', 'Astrobiology', 302);
INSERT INTO Researcher (researcher_id, name, research_field, crew_id) VALUES (129, 'Daniel Thomas', 'Astrobiology', 309);
INSERT INTO Researcher (researcher_id, name, research_field, crew_id) VALUES (130, 'Henry Carson', 'AI Research', 116);
INSERT INTO Researcher (researcher_id, name, research_field, crew_id) VALUES (131, 'Allen Davis', 'AI Research', 325);
INSERT INTO Researcher (researcher_id, name, research_field, crew_id) VALUES (132, 'Scott Davidson', 'AI Research', 157);
INSERT INTO Researcher (researcher_id, name, research_field, crew_id) VALUES (133, 'Jacob Clark', 'Geology', 238);
INSERT INTO Researcher (researcher_id, name, research_field, crew_id) VALUES (134, 'Tracy Larson', 'Radiation Studies', 198);
INSERT INTO Researcher (researcher_id, name, research_field, crew_id) VALUES (135, 'John Bridges', 'Geology', 159);
INSERT INTO Researcher (researcher_id, name, research_field, crew_id) VALUES (136, 'Steven Mitchell', 'Radiation Studies', 164);
INSERT INTO Researcher (researcher_id, name, research_field, crew_id) VALUES (137, 'Savannah Benson MD', 'Radiation Studies', 95);
INSERT INTO Researcher (researcher_id, name, research_field, crew_id) VALUES (138, 'Mariah Kirby', 'AI Research', 305);
INSERT INTO Researcher (researcher_id, name, research_field, crew_id) VALUES (139, 'Patrick Vasquez', 'AI Research', 246);
INSERT INTO Researcher (researcher_id, name, research_field, crew_id) VALUES (140, 'Pamela Fernandez', 'Geology', 286);
INSERT INTO Researcher (researcher_id, name, research_field, crew_id) VALUES (141, 'Lorraine Barnes', 'Astrobiology', 227);
INSERT INTO Researcher (researcher_id, name, research_field, crew_id) VALUES (142, 'Emily Edwards', 'Radiation Studies', 322);
INSERT INTO Researcher (researcher_id, name, research_field, crew_id) VALUES (143, 'Dawn Cordova', 'AI Research', 117);
INSERT INTO Researcher (researcher_id, name, research_field, crew_id) VALUES (144, 'David Miller', 'AI Research', 237);
INSERT INTO Researcher (researcher_id, name, research_field, crew_id) VALUES (145, 'Zachary Woodard', 'Astrobiology', 82);
INSERT INTO Researcher (researcher_id, name, research_field, crew_id) VALUES (146, 'Wendy Leonard', 'Geology', 327);
INSERT INTO Researcher (researcher_id, name, research_field, crew_id) VALUES (147, 'Edward Gould', 'Radiation Studies', 333);
INSERT INTO Researcher (researcher_id, name, research_field, crew_id) VALUES (148, 'Kimberly Webb', 'Geology', 133);
INSERT INTO Researcher (researcher_id, name, research_field, crew_id) VALUES (149, 'Robin Clark', 'Geology', 170);
INSERT INTO Researcher (researcher_id, name, research_field, crew_id) VALUES (150, 'Dorothy Montgomery', 'Astrobiology', 97);
INSERT INTO Researcher (researcher_id, name, research_field, crew_id) VALUES (151, 'Shawn Anderson', 'Geology', 395);
INSERT INTO Researcher (researcher_id, name, research_field, crew_id) VALUES (152, 'Shirley Weiss', 'Radiation Studies', 105);
INSERT INTO Researcher (researcher_id, name, research_field, crew_id) VALUES (153, 'Matthew Daniels', 'Geology', 35);
INSERT INTO Researcher (researcher_id, name, research_field, crew_id) VALUES (154, 'Rebecca Hoffman', 'Geology', 79);
INSERT INTO Researcher (researcher_id, name, research_field, crew_id) VALUES (155, 'Ronald Brown', 'Astrobiology', 251);
INSERT INTO Researcher (researcher_id, name, research_field, crew_id) VALUES (156, 'Kimberly Norton', 'Radiation Studies', 156);
INSERT INTO Researcher (researcher_id, name, research_field, crew_id) VALUES (157, 'Jesse Whitehead', 'Geology', 80);
INSERT INTO Researcher (researcher_id, name, research_field, crew_id) VALUES (158, 'Ashley Lucas', 'AI Research', 305);
INSERT INTO Researcher (researcher_id, name, research_field, crew_id) VALUES (159, 'Blake Weaver', 'Astrobiology', 90);
INSERT INTO Researcher (researcher_id, name, research_field, crew_id) VALUES (160, 'Christopher Johnson', 'AI Research', 245);
INSERT INTO Researcher (researcher_id, name, research_field, crew_id) VALUES (161, 'Elizabeth Harris', 'AI Research', 48);
INSERT INTO Researcher (researcher_id, name, research_field, crew_id) VALUES (162, 'Ruben Smith', 'Astrobiology', 194);
INSERT INTO Researcher (researcher_id, name, research_field, crew_id) VALUES (163, 'Erin Smith', 'Radiation Studies', 102);
INSERT INTO Researcher (researcher_id, name, research_field, crew_id) VALUES (164, 'Grant Leblanc', 'Geology', 323);
INSERT INTO Researcher (researcher_id, name, research_field, crew_id) VALUES (165, 'Adam Mahoney', 'Radiation Studies', 240);
INSERT INTO Researcher (researcher_id, name, research_field, crew_id) VALUES (166, 'Jeremiah Soto', 'AI Research', 174);
INSERT INTO Researcher (researcher_id, name, research_field, crew_id) VALUES (167, 'Jennifer Scott', 'AI Research', 344);
INSERT INTO Researcher (researcher_id, name, research_field, crew_id) VALUES (168, 'Tiffany Lee DDS', 'Astrobiology', 46);
INSERT INTO Researcher (researcher_id, name, research_field, crew_id) VALUES (169, 'Jose Ingram', 'AI Research', 13);
INSERT INTO Researcher (researcher_id, name, research_field, crew_id) VALUES (170, 'Jeffrey Arnold', 'Radiation Studies', 316);
INSERT INTO Researcher (researcher_id, name, research_field, crew_id) VALUES (171, 'Paul Goodwin', 'Astrobiology', 1);
INSERT INTO Researcher (researcher_id, name, research_field, crew_id) VALUES (172, 'Kenneth Russell', 'Astrobiology', 339);
INSERT INTO Researcher (researcher_id, name, research_field, crew_id) VALUES (173, 'Benjamin Williams', 'AI Research', 328);
INSERT INTO Researcher (researcher_id, name, research_field, crew_id) VALUES (174, 'Steven Shah', 'AI Research', 11);
INSERT INTO Researcher (researcher_id, name, research_field, crew_id) VALUES (175, 'Stephanie Daniel', 'Astrobiology', 187);
INSERT INTO Researcher (researcher_id, name, research_field, crew_id) VALUES (176, 'Kelli Morton', 'AI Research', 86);
INSERT INTO Researcher (researcher_id, name, research_field, crew_id) VALUES (177, 'Antonio Wilson', 'Astrobiology', 291);
INSERT INTO Researcher (researcher_id, name, research_field, crew_id) VALUES (178, 'Isaac Lawrence', 'Astrobiology', 29);
INSERT INTO Researcher (researcher_id, name, research_field, crew_id) VALUES (179, 'Barbara Dunn', 'Radiation Studies', 222);
INSERT INTO Researcher (researcher_id, name, research_field, crew_id) VALUES (180, 'Sean Martinez', 'AI Research', 104);
INSERT INTO Researcher (researcher_id, name, research_field, crew_id) VALUES (181, 'Brett Gonzales', 'Geology', 6);
INSERT INTO Researcher (researcher_id, name, research_field, crew_id) VALUES (182, 'Christopher Rodriguez', 'Radiation Studies', 400);
INSERT INTO Researcher (researcher_id, name, research_field, crew_id) VALUES (183, 'Megan Curry', 'Geology', 73);
INSERT INTO Researcher (researcher_id, name, research_field, crew_id) VALUES (184, 'Megan Robinson', 'Radiation Studies', 258);
INSERT INTO Researcher (researcher_id, name, research_field, crew_id) VALUES (185, 'Colleen Martinez', 'Geology', 179);
INSERT INTO Researcher (researcher_id, name, research_field, crew_id) VALUES (186, 'Brandon Hernandez', 'Geology', 8);
INSERT INTO Researcher (researcher_id, name, research_field, crew_id) VALUES (187, 'Nicole Schultz', 'Geology', 54);
INSERT INTO Researcher (researcher_id, name, research_field, crew_id) VALUES (188, 'Paula Patel', 'Astrobiology', 266);
INSERT INTO Researcher (researcher_id, name, research_field, crew_id) VALUES (189, 'Jesse Barajas', 'AI Research', 379);
INSERT INTO Researcher (researcher_id, name, research_field, crew_id) VALUES (190, 'Robert Valentine', 'AI Research', 199);
INSERT INTO Researcher (researcher_id, name, research_field, crew_id) VALUES (191, 'Charles Ayala', 'Astrobiology', 315);
INSERT INTO Researcher (researcher_id, name, research_field, crew_id) VALUES (192, 'Cheryl Leach', 'Astrobiology', 349);
INSERT INTO Researcher (researcher_id, name, research_field, crew_id) VALUES (193, 'Sarah Howard', 'Geology', 15);
INSERT INTO Researcher (researcher_id, name, research_field, crew_id) VALUES (194, 'Meagan English', 'AI Research', 245);
INSERT INTO Researcher (researcher_id, name, research_field, crew_id) VALUES (195, 'Tracy Freeman', 'Astrobiology', 309);
INSERT INTO Researcher (researcher_id, name, research_field, crew_id) VALUES (196, 'Eugene Chaney', 'Astrobiology', 247);
INSERT INTO Researcher (researcher_id, name, research_field, crew_id) VALUES (197, 'Mikayla Garcia', 'Geology', 381);
INSERT INTO Researcher (researcher_id, name, research_field, crew_id) VALUES (198, 'Daniel Martinez', 'Astrobiology', 49);
INSERT INTO Researcher (researcher_id, name, research_field, crew_id) VALUES (199, 'Barbara Wilson', 'Astrobiology', 129);
INSERT INTO Researcher (researcher_id, name, research_field, crew_id) VALUES (200, 'Jonathan Jones', 'Geology', 121);
INSERT INTO Researcher (researcher_id, name, research_field, crew_id) VALUES (201, 'Dr. Rachel Castro DVM', 'Astrobiology', 7);
INSERT INTO Researcher (researcher_id, name, research_field, crew_id) VALUES (202, 'Howard Mitchell', 'Astrobiology', 277);
INSERT INTO Researcher (researcher_id, name, research_field, crew_id) VALUES (203, 'Zachary Humphrey', 'Astrobiology', 315);
INSERT INTO Researcher (researcher_id, name, research_field, crew_id) VALUES (204, 'Amy Garcia', 'Astrobiology', 187);
INSERT INTO Researcher (researcher_id, name, research_field, crew_id) VALUES (205, 'Kristin Banks', 'AI Research', 229);
INSERT INTO Researcher (researcher_id, name, research_field, crew_id) VALUES (206, 'Bobby Johnson', 'AI Research', 1);
INSERT INTO Researcher (researcher_id, name, research_field, crew_id) VALUES (207, 'Sarah Sharp', 'Geology', 283);
INSERT INTO Researcher (researcher_id, name, research_field, crew_id) VALUES (208, 'James Sanders', 'Astrobiology', 16);
INSERT INTO Researcher (researcher_id, name, research_field, crew_id) VALUES (209, 'Patrick Ramirez', 'Radiation Studies', 158);
INSERT INTO Researcher (researcher_id, name, research_field, crew_id) VALUES (210, 'James Woods', 'AI Research', 25);
INSERT INTO Researcher (researcher_id, name, research_field, crew_id) VALUES (211, 'Andrew Chase', 'Radiation Studies', 175);
INSERT INTO Researcher (researcher_id, name, research_field, crew_id) VALUES (212, 'Stephen Greene', 'Radiation Studies', 269);
INSERT INTO Researcher (researcher_id, name, research_field, crew_id) VALUES (213, 'Marcus Golden', 'Astrobiology', 154);
INSERT INTO Researcher (researcher_id, name, research_field, crew_id) VALUES (214, 'Christopher Jones', 'AI Research', 84);
INSERT INTO Researcher (researcher_id, name, research_field, crew_id) VALUES (215, 'Rebecca Klein', 'AI Research', 230);
INSERT INTO Researcher (researcher_id, name, research_field, crew_id) VALUES (216, 'Amy Brown', 'Astrobiology', 45);
INSERT INTO Researcher (researcher_id, name, research_field, crew_id) VALUES (217, 'David Steele', 'Astrobiology', 105);
INSERT INTO Researcher (researcher_id, name, research_field, crew_id) VALUES (218, 'Randall Mccarty', 'Geology', 258);
INSERT INTO Researcher (researcher_id, name, research_field, crew_id) VALUES (219, 'Lisa Torres', 'Radiation Studies', 23);
INSERT INTO Researcher (researcher_id, name, research_field, crew_id) VALUES (220, 'Linda Young', 'Astrobiology', 118);
INSERT INTO Researcher (researcher_id, name, research_field, crew_id) VALUES (221, 'Tammy Henderson', 'AI Research', 380);
INSERT INTO Researcher (researcher_id, name, research_field, crew_id) VALUES (222, 'Robert Rodriguez', 'Radiation Studies', 366);
INSERT INTO Researcher (researcher_id, name, research_field, crew_id) VALUES (223, 'Veronica Edwards', 'Radiation Studies', 169);
INSERT INTO Researcher (researcher_id, name, research_field, crew_id) VALUES (224, 'Joshua Smith', 'AI Research', 354);
INSERT INTO Researcher (researcher_id, name, research_field, crew_id) VALUES (225, 'Randy Bailey', 'Geology', 158);
INSERT INTO Researcher (researcher_id, name, research_field, crew_id) VALUES (226, 'Mathew Browning', 'Geology', 214);
INSERT INTO Researcher (researcher_id, name, research_field, crew_id) VALUES (227, 'Katrina Hanna', 'Geology', 397);
INSERT INTO Researcher (researcher_id, name, research_field, crew_id) VALUES (228, 'Brian Quinn', 'AI Research', 250);
INSERT INTO Researcher (researcher_id, name, research_field, crew_id) VALUES (229, 'Jamie Cox MD', 'AI Research', 397);
INSERT INTO Researcher (researcher_id, name, research_field, crew_id) VALUES (230, 'Jennifer Bell', 'Radiation Studies', 10);
INSERT INTO Researcher (researcher_id, name, research_field, crew_id) VALUES (231, 'Cheryl Garrett', 'Radiation Studies', 282);
INSERT INTO Researcher (researcher_id, name, research_field, crew_id) VALUES (232, 'Paul Faulkner', 'AI Research', 224);
INSERT INTO Researcher (researcher_id, name, research_field, crew_id) VALUES (233, 'Jennifer Jones', 'Astrobiology', 89);
INSERT INTO Researcher (researcher_id, name, research_field, crew_id) VALUES (234, 'Tracy Gonzales', 'Geology', 33);
INSERT INTO Researcher (researcher_id, name, research_field, crew_id) VALUES (235, 'Michelle Martinez', 'Astrobiology', 278);
INSERT INTO Researcher (researcher_id, name, research_field, crew_id) VALUES (236, 'Dr. Dean Smith DVM', 'Astrobiology', 102);
INSERT INTO Researcher (researcher_id, name, research_field, crew_id) VALUES (237, 'Amanda Copeland', 'Astrobiology', 380);
INSERT INTO Researcher (researcher_id, name, research_field, crew_id) VALUES (238, 'Ashley Marshall', 'Geology', 215);
INSERT INTO Researcher (researcher_id, name, research_field, crew_id) VALUES (239, 'John Fowler', 'Radiation Studies', 287);
INSERT INTO Researcher (researcher_id, name, research_field, crew_id) VALUES (240, 'Jill Torres', 'Radiation Studies', 64);
INSERT INTO Researcher (researcher_id, name, research_field, crew_id) VALUES (241, 'Stephen Harvey', 'Astrobiology', 43);
INSERT INTO Researcher (researcher_id, name, research_field, crew_id) VALUES (242, 'Cassandra Anderson', 'Radiation Studies', 342);
INSERT INTO Researcher (researcher_id, name, research_field, crew_id) VALUES (243, 'Michelle White', 'Geology', 127);
INSERT INTO Researcher (researcher_id, name, research_field, crew_id) VALUES (244, 'Crystal Smith', 'Radiation Studies', 360);
INSERT INTO Researcher (researcher_id, name, research_field, crew_id) VALUES (245, 'Phillip Peters', 'Geology', 340);
INSERT INTO Researcher (researcher_id, name, research_field, crew_id) VALUES (246, 'Joshua Clark', 'Geology', 45);
INSERT INTO Researcher (researcher_id, name, research_field, crew_id) VALUES (247, 'Jeffery Edwards', 'AI Research', 221);
INSERT INTO Researcher (researcher_id, name, research_field, crew_id) VALUES (248, 'Theresa Hall', 'AI Research', 37);
INSERT INTO Researcher (researcher_id, name, research_field, crew_id) VALUES (249, 'Jennifer Li', 'Geology', 391);
INSERT INTO Researcher (researcher_id, name, research_field, crew_id) VALUES (250, 'Alexandra Lara', 'Radiation Studies', 72);
INSERT INTO Researcher (researcher_id, name, research_field, crew_id) VALUES (251, 'James Smith', 'Radiation Studies', 222);
INSERT INTO Researcher (researcher_id, name, research_field, crew_id) VALUES (252, 'Raymond Hamilton', 'Geology', 152);
INSERT INTO Researcher (researcher_id, name, research_field, crew_id) VALUES (253, 'Jonathan Mills', 'Geology', 280);
INSERT INTO Researcher (researcher_id, name, research_field, crew_id) VALUES (254, 'Stephanie Mueller', 'Geology', 156);
INSERT INTO Researcher (researcher_id, name, research_field, crew_id) VALUES (255, 'Sabrina Grant', 'Astrobiology', 20);
INSERT INTO Researcher (researcher_id, name, research_field, crew_id) VALUES (256, 'Matthew Morris', 'Astrobiology', 289);
INSERT INTO Researcher (researcher_id, name, research_field, crew_id) VALUES (257, 'Kelly Burns', 'Astrobiology', 230);
INSERT INTO Researcher (researcher_id, name, research_field, crew_id) VALUES (258, 'Elizabeth Norris', 'AI Research', 240);
INSERT INTO Researcher (researcher_id, name, research_field, crew_id) VALUES (259, 'Samantha Doyle', 'Astrobiology', 367);
INSERT INTO Researcher (researcher_id, name, research_field, crew_id) VALUES (260, 'Gabriel Black', 'Radiation Studies', 79);
INSERT INTO Researcher (researcher_id, name, research_field, crew_id) VALUES (261, 'Krista Lopez', 'Astrobiology', 333);
INSERT INTO Researcher (researcher_id, name, research_field, crew_id) VALUES (262, 'Franklin Landry', 'Radiation Studies', 326);
INSERT INTO Researcher (researcher_id, name, research_field, crew_id) VALUES (263, 'Mary Hughes', 'AI Research', 13);
INSERT INTO Researcher (researcher_id, name, research_field, crew_id) VALUES (264, 'Lindsey Daniels', 'Astrobiology', 216);
INSERT INTO Researcher (researcher_id, name, research_field, crew_id) VALUES (265, 'Timothy Sampson', 'Radiation Studies', 167);
INSERT INTO Researcher (researcher_id, name, research_field, crew_id) VALUES (266, 'Anthony Long', 'Geology', 258);
INSERT INTO Researcher (researcher_id, name, research_field, crew_id) VALUES (267, 'Mark Murphy', 'Astrobiology', 18);
INSERT INTO Researcher (researcher_id, name, research_field, crew_id) VALUES (268, 'Cory Knapp', 'AI Research', 139);
INSERT INTO Researcher (researcher_id, name, research_field, crew_id) VALUES (269, 'Carl Simmons', 'Astrobiology', 42);
INSERT INTO Researcher (researcher_id, name, research_field, crew_id) VALUES (270, 'Michael Stanley', 'AI Research', 394);
INSERT INTO Researcher (researcher_id, name, research_field, crew_id) VALUES (271, 'David Stevens', 'Geology', 38);
INSERT INTO Researcher (researcher_id, name, research_field, crew_id) VALUES (272, 'Todd Hobbs', 'AI Research', 337);
INSERT INTO Researcher (researcher_id, name, research_field, crew_id) VALUES (273, 'Brandon Clark', 'Geology', 176);
INSERT INTO Researcher (researcher_id, name, research_field, crew_id) VALUES (274, 'Paul Ramos', 'Geology', 283);
INSERT INTO Researcher (researcher_id, name, research_field, crew_id) VALUES (275, 'Robin Alvarez', 'Geology', 399);
INSERT INTO Researcher (researcher_id, name, research_field, crew_id) VALUES (276, 'Vincent Lambert', 'Radiation Studies', 61);
INSERT INTO Researcher (researcher_id, name, research_field, crew_id) VALUES (277, 'Tammy Perkins', 'Astrobiology', 284);
INSERT INTO Researcher (researcher_id, name, research_field, crew_id) VALUES (278, 'Jordan Singleton', 'Radiation Studies', 135);
INSERT INTO Researcher (researcher_id, name, research_field, crew_id) VALUES (279, 'Amanda Johnson', 'Astrobiology', 296);
INSERT INTO Researcher (researcher_id, name, research_field, crew_id) VALUES (280, 'Leon Arellano', 'Astrobiology', 9);
INSERT INTO Researcher (researcher_id, name, research_field, crew_id) VALUES (281, 'Hunter Robinson', 'Radiation Studies', 243);
INSERT INTO Researcher (researcher_id, name, research_field, crew_id) VALUES (282, 'Charles Shepherd', 'Geology', 17);
INSERT INTO Researcher (researcher_id, name, research_field, crew_id) VALUES (283, 'Crystal Shea', 'Astrobiology', 391);
INSERT INTO Researcher (researcher_id, name, research_field, crew_id) VALUES (284, 'Kathleen Dixon', 'Radiation Studies', 160);
INSERT INTO Researcher (researcher_id, name, research_field, crew_id) VALUES (285, 'Amy Williams', 'Radiation Studies', 118);
INSERT INTO Researcher (researcher_id, name, research_field, crew_id) VALUES (286, 'Mr. Scott Nielsen', 'AI Research', 121);
INSERT INTO Researcher (researcher_id, name, research_field, crew_id) VALUES (287, 'Joseph Delgado DDS', 'Geology', 218);
INSERT INTO Researcher (researcher_id, name, research_field, crew_id) VALUES (288, 'Tiffany Liu', 'Astrobiology', 288);
INSERT INTO Researcher (researcher_id, name, research_field, crew_id) VALUES (289, 'Donald Cantrell', 'Geology', 314);
INSERT INTO Researcher (researcher_id, name, research_field, crew_id) VALUES (290, 'Anita Garcia', 'Astrobiology', 124);
INSERT INTO Researcher (researcher_id, name, research_field, crew_id) VALUES (291, 'Michael Johnson', 'Radiation Studies', 132);
INSERT INTO Researcher (researcher_id, name, research_field, crew_id) VALUES (292, 'Emily Murphy', 'Geology', 29);
INSERT INTO Researcher (researcher_id, name, research_field, crew_id) VALUES (293, 'Katelyn Williams', 'Geology', 129);
INSERT INTO Researcher (researcher_id, name, research_field, crew_id) VALUES (294, 'Gregory Baker', 'AI Research', 327);
INSERT INTO Researcher (researcher_id, name, research_field, crew_id) VALUES (295, 'Felicia Navarro', 'Astrobiology', 329);
INSERT INTO Researcher (researcher_id, name, research_field, crew_id) VALUES (296, 'Jennifer Miller', 'Astrobiology', 298);
INSERT INTO Researcher (researcher_id, name, research_field, crew_id) VALUES (297, 'Michael Hayden', 'Radiation Studies', 391);
INSERT INTO Researcher (researcher_id, name, research_field, crew_id) VALUES (298, 'Erika Bond', 'Geology', 30);
INSERT INTO Researcher (researcher_id, name, research_field, crew_id) VALUES (299, 'Brian Bond', 'Astrobiology', 167);
INSERT INTO Researcher (researcher_id, name, research_field, crew_id) VALUES (300, 'Benjamin Barrett', 'Astrobiology', 321);
INSERT INTO Researcher (researcher_id, name, research_field, crew_id) VALUES (301, 'Rebecca Schultz', 'Geology', 206);
INSERT INTO Researcher (researcher_id, name, research_field, crew_id) VALUES (302, 'Felicia Williams', 'Astrobiology', 232);
INSERT INTO Researcher (researcher_id, name, research_field, crew_id) VALUES (303, 'Michael Grimes', 'Astrobiology', 139);
INSERT INTO Researcher (researcher_id, name, research_field, crew_id) VALUES (304, 'Brandon Rogers', 'Radiation Studies', 200);
INSERT INTO Researcher (researcher_id, name, research_field, crew_id) VALUES (305, 'Ryan Moyer', 'Geology', 329);
INSERT INTO Researcher (researcher_id, name, research_field, crew_id) VALUES (306, 'Teresa Johnson', 'AI Research', 344);
INSERT INTO Researcher (researcher_id, name, research_field, crew_id) VALUES (307, 'Melissa Jackson', 'Geology', 254);
INSERT INTO Researcher (researcher_id, name, research_field, crew_id) VALUES (308, 'Tiffany Parker', 'Astrobiology', 17);
INSERT INTO Researcher (researcher_id, name, research_field, crew_id) VALUES (309, 'Amanda Coleman', 'Radiation Studies', 209);
INSERT INTO Researcher (researcher_id, name, research_field, crew_id) VALUES (310, 'April Moreno', 'Astrobiology', 203);
INSERT INTO Researcher (researcher_id, name, research_field, crew_id) VALUES (311, 'Brandon Brown', 'Geology', 265);
INSERT INTO Researcher (researcher_id, name, research_field, crew_id) VALUES (312, 'Kristy Kelly DDS', 'AI Research', 361);
INSERT INTO Researcher (researcher_id, name, research_field, crew_id) VALUES (313, 'Audrey Weber', 'AI Research', 72);
INSERT INTO Researcher (researcher_id, name, research_field, crew_id) VALUES (314, 'Jeffery Stokes', 'Geology', 227);
INSERT INTO Researcher (researcher_id, name, research_field, crew_id) VALUES (315, 'Jared Coleman', 'Astrobiology', 210);
INSERT INTO Researcher (researcher_id, name, research_field, crew_id) VALUES (316, 'Christine Chang', 'AI Research', 236);
INSERT INTO Researcher (researcher_id, name, research_field, crew_id) VALUES (317, 'George Wilson', 'Geology', 71);
INSERT INTO Researcher (researcher_id, name, research_field, crew_id) VALUES (318, 'Richard Ward', 'Radiation Studies', 382);
INSERT INTO Researcher (researcher_id, name, research_field, crew_id) VALUES (319, 'Paul Adams', 'Radiation Studies', 312);
INSERT INTO Researcher (researcher_id, name, research_field, crew_id) VALUES (320, 'Brandon Kidd', 'AI Research', 374);
INSERT INTO Researcher (researcher_id, name, research_field, crew_id) VALUES (321, 'Dana Davis', 'Astrobiology', 5);
INSERT INTO Researcher (researcher_id, name, research_field, crew_id) VALUES (322, 'Jennifer Fitzgerald', 'AI Research', 224);
INSERT INTO Researcher (researcher_id, name, research_field, crew_id) VALUES (323, 'Justin Knox', 'Astrobiology', 151);
INSERT INTO Researcher (researcher_id, name, research_field, crew_id) VALUES (324, 'Jimmy Daniels', 'Astrobiology', 366);
INSERT INTO Researcher (researcher_id, name, research_field, crew_id) VALUES (325, 'Scott Holland', 'Radiation Studies', 107);
INSERT INTO Researcher (researcher_id, name, research_field, crew_id) VALUES (326, 'Julie Duncan', 'AI Research', 366);
INSERT INTO Researcher (researcher_id, name, research_field, crew_id) VALUES (327, 'Kelly Shea', 'Geology', 315);
INSERT INTO Researcher (researcher_id, name, research_field, crew_id) VALUES (328, 'Scott Walker', 'Geology', 290);
INSERT INTO Researcher (researcher_id, name, research_field, crew_id) VALUES (329, 'Jonathan Fowler', 'AI Research', 216);
INSERT INTO Researcher (researcher_id, name, research_field, crew_id) VALUES (330, 'Justin Howell', 'Astrobiology', 393);
INSERT INTO Researcher (researcher_id, name, research_field, crew_id) VALUES (331, 'Debbie Mckinney', 'AI Research', 362);
INSERT INTO Researcher (researcher_id, name, research_field, crew_id) VALUES (332, 'Jessica Weber', 'AI Research', 109);
INSERT INTO Researcher (researcher_id, name, research_field, crew_id) VALUES (333, 'Darrell Cox', 'Astrobiology', 29);
INSERT INTO Researcher (researcher_id, name, research_field, crew_id) VALUES (334, 'Johnny Henderson', 'Astrobiology', 158);
INSERT INTO Researcher (researcher_id, name, research_field, crew_id) VALUES (335, 'Brandon Clark', 'Astrobiology', 398);
INSERT INTO Researcher (researcher_id, name, research_field, crew_id) VALUES (336, 'Ana Ponce', 'Astrobiology', 24);
INSERT INTO Researcher (researcher_id, name, research_field, crew_id) VALUES (337, 'Andre Smith', 'Radiation Studies', 348);
INSERT INTO Researcher (researcher_id, name, research_field, crew_id) VALUES (338, 'Jacqueline Griffith', 'Geology', 369);
INSERT INTO Researcher (researcher_id, name, research_field, crew_id) VALUES (339, 'Michael Santos', 'Geology', 215);
INSERT INTO Researcher (researcher_id, name, research_field, crew_id) VALUES (340, 'Sandra Burnett', 'AI Research', 280);
INSERT INTO Researcher (researcher_id, name, research_field, crew_id) VALUES (341, 'Lori Munoz', 'Geology', 43);
INSERT INTO Researcher (researcher_id, name, research_field, crew_id) VALUES (342, 'Andrew Guerrero', 'AI Research', 394);
INSERT INTO Researcher (researcher_id, name, research_field, crew_id) VALUES (343, 'Gerald Anderson', 'Radiation Studies', 85);
INSERT INTO Researcher (researcher_id, name, research_field, crew_id) VALUES (344, 'Jeremy Thompson', 'AI Research', 336);
INSERT INTO Researcher (researcher_id, name, research_field, crew_id) VALUES (345, 'Renee Wilcox', 'AI Research', 310);
INSERT INTO Researcher (researcher_id, name, research_field, crew_id) VALUES (346, 'Nancy Gibson', 'Radiation Studies', 51);
INSERT INTO Researcher (researcher_id, name, research_field, crew_id) VALUES (347, 'Joshua Gallagher', 'Astrobiology', 213);
INSERT INTO Researcher (researcher_id, name, research_field, crew_id) VALUES (348, 'Charles Conner', 'Radiation Studies', 203);
INSERT INTO Researcher (researcher_id, name, research_field, crew_id) VALUES (349, 'Frank Everett', 'Astrobiology', 196);
INSERT INTO Researcher (researcher_id, name, research_field, crew_id) VALUES (350, 'Diane Anderson', 'Geology', 8);
INSERT INTO Researcher (researcher_id, name, research_field, crew_id) VALUES (351, 'Kimberly Blake', 'AI Research', 24);
INSERT INTO Researcher (researcher_id, name, research_field, crew_id) VALUES (352, 'Robert Chapman', 'Geology', 289);
INSERT INTO Researcher (researcher_id, name, research_field, crew_id) VALUES (353, 'Tonya Perez', 'Geology', 90);
INSERT INTO Researcher (researcher_id, name, research_field, crew_id) VALUES (354, 'Kathy Gilbert', 'Radiation Studies', 293);
INSERT INTO Researcher (researcher_id, name, research_field, crew_id) VALUES (355, 'Justin Shea', 'Radiation Studies', 122);
INSERT INTO Researcher (researcher_id, name, research_field, crew_id) VALUES (356, 'Shaun Nichols', 'Astrobiology', 226);
INSERT INTO Researcher (researcher_id, name, research_field, crew_id) VALUES (357, 'Johnny Tucker', 'Astrobiology', 14);
INSERT INTO Researcher (researcher_id, name, research_field, crew_id) VALUES (358, 'Shawna Stewart', 'Geology', 248);
INSERT INTO Researcher (researcher_id, name, research_field, crew_id) VALUES (359, 'Paul Porter', 'Geology', 40);
INSERT INTO Researcher (researcher_id, name, research_field, crew_id) VALUES (360, 'Melissa Schmidt', 'Astrobiology', 195);
INSERT INTO Researcher (researcher_id, name, research_field, crew_id) VALUES (361, 'Denise Donaldson', 'Geology', 83);
INSERT INTO Researcher (researcher_id, name, research_field, crew_id) VALUES (362, 'Steven Scott', 'AI Research', 182);
INSERT INTO Researcher (researcher_id, name, research_field, crew_id) VALUES (363, 'Donna Gregory', 'Astrobiology', 319);
INSERT INTO Researcher (researcher_id, name, research_field, crew_id) VALUES (364, 'Julie Guzman', 'Geology', 331);
INSERT INTO Researcher (researcher_id, name, research_field, crew_id) VALUES (365, 'Kevin Hall', 'AI Research', 166);
INSERT INTO Researcher (researcher_id, name, research_field, crew_id) VALUES (366, 'Mrs. Amanda James', 'Geology', 31);
INSERT INTO Researcher (researcher_id, name, research_field, crew_id) VALUES (367, 'Christopher White', 'AI Research', 224);
INSERT INTO Researcher (researcher_id, name, research_field, crew_id) VALUES (368, 'Stephanie Robertson', 'Astrobiology', 347);
INSERT INTO Researcher (researcher_id, name, research_field, crew_id) VALUES (369, 'Robert Taylor', 'AI Research', 156);
INSERT INTO Researcher (researcher_id, name, research_field, crew_id) VALUES (370, 'Justin Payne', 'Geology', 296);
INSERT INTO Researcher (researcher_id, name, research_field, crew_id) VALUES (371, 'Kristina Davis', 'Astrobiology', 58);
INSERT INTO Researcher (researcher_id, name, research_field, crew_id) VALUES (372, 'Jessica Jensen', 'Astrobiology', 276);
INSERT INTO Researcher (researcher_id, name, research_field, crew_id) VALUES (373, 'Erik Brown', 'Radiation Studies', 347);
INSERT INTO Researcher (researcher_id, name, research_field, crew_id) VALUES (374, 'Diana Allen', 'AI Research', 95);
INSERT INTO Researcher (researcher_id, name, research_field, crew_id) VALUES (375, 'Alice Roberts', 'Radiation Studies', 8);
INSERT INTO Researcher (researcher_id, name, research_field, crew_id) VALUES (376, 'Sabrina Gilbert', 'Geology', 1);
INSERT INTO Researcher (researcher_id, name, research_field, crew_id) VALUES (377, 'Brad Long', 'Geology', 143);
INSERT INTO Researcher (researcher_id, name, research_field, crew_id) VALUES (378, 'Brandon Mahoney', 'Geology', 382);
INSERT INTO Researcher (researcher_id, name, research_field, crew_id) VALUES (379, 'Charlene Delacruz', 'Astrobiology', 375);
INSERT INTO Researcher (researcher_id, name, research_field, crew_id) VALUES (380, 'Teresa Burns', 'Astrobiology', 226);
INSERT INTO Researcher (researcher_id, name, research_field, crew_id) VALUES (381, 'Megan Strickland', 'Radiation Studies', 102);
INSERT INTO Researcher (researcher_id, name, research_field, crew_id) VALUES (382, 'Ms. Jennifer Yang MD', 'Radiation Studies', 114);
INSERT INTO Researcher (researcher_id, name, research_field, crew_id) VALUES (383, 'Travis James', 'Radiation Studies', 242);
INSERT INTO Researcher (researcher_id, name, research_field, crew_id) VALUES (384, 'Karen Rivera', 'Geology', 320);
INSERT INTO Researcher (researcher_id, name, research_field, crew_id) VALUES (385, 'Jordan Warren', 'Radiation Studies', 275);
INSERT INTO Researcher (researcher_id, name, research_field, crew_id) VALUES (386, 'Brian Harris', 'Geology', 23);
INSERT INTO Researcher (researcher_id, name, research_field, crew_id) VALUES (387, 'Heather Obrien', 'AI Research', 262);
INSERT INTO Researcher (researcher_id, name, research_field, crew_id) VALUES (388, 'William Bryant', 'Geology', 187);
INSERT INTO Researcher (researcher_id, name, research_field, crew_id) VALUES (389, 'Kendra Davis', 'Geology', 13);
INSERT INTO Researcher (researcher_id, name, research_field, crew_id) VALUES (390, 'John Robinson', 'AI Research', 128);
INSERT INTO Researcher (researcher_id, name, research_field, crew_id) VALUES (391, 'Kelly Carlson', 'AI Research', 28);
INSERT INTO Researcher (researcher_id, name, research_field, crew_id) VALUES (392, 'Chad Holland', 'Astrobiology', 106);
INSERT INTO Researcher (researcher_id, name, research_field, crew_id) VALUES (393, 'John Smith', 'Astrobiology', 47);
INSERT INTO Researcher (researcher_id, name, research_field, crew_id) VALUES (394, 'Ralph Reynolds', 'Radiation Studies', 396);
INSERT INTO Researcher (researcher_id, name, research_field, crew_id) VALUES (395, 'Francisco Alvarez', 'Radiation Studies', 400);
INSERT INTO Researcher (researcher_id, name, research_field, crew_id) VALUES (396, 'Stephanie Espinoza', 'Radiation Studies', 360);
INSERT INTO Researcher (researcher_id, name, research_field, crew_id) VALUES (397, 'Joann Dunn', 'Radiation Studies', 108);
INSERT INTO Researcher (researcher_id, name, research_field, crew_id) VALUES (398, 'Penny Novak', 'AI Research', 228);
INSERT INTO Researcher (researcher_id, name, research_field, crew_id) VALUES (399, 'Kendra Miller', 'AI Research', 38);
INSERT INTO Researcher (researcher_id, name, research_field, crew_id) VALUES (400, 'Sheena Riley', 'Geology', 145);
INSERT INTO Mission (mission_id, name, description, start_date, colony_id) VALUES (1, 'deliver magnetic initiatives', 'Line let hot paper hot process billion.', '2021-04-26', 266);
INSERT INTO Mission (mission_id, name, description, start_date, colony_id) VALUES (2, 'envisioneer leading-edge infrastructures', 'Collection believe early part third soldier up.', '2022-09-30', 187);
INSERT INTO Mission (mission_id, name, description, start_date, colony_id) VALUES (3, 'empower web-enabled web services', 'Age hold state something stand.', '2002-01-15', 218);
INSERT INTO Mission (mission_id, name, description, start_date, colony_id) VALUES (4, 'target cross-platform e-markets', 'Indicate week upon skill history.', '2024-03-21', 118);
INSERT INTO Mission (mission_id, name, description, start_date, colony_id) VALUES (5, 'drive extensible info-mediaries', 'Security contain foot sound military shoulder laugh.', '2019-04-06', 326);
INSERT INTO Mission (mission_id, name, description, start_date, colony_id) VALUES (6, 'evolve magnetic infrastructures', 'Find then piece beat name attorney.', '2003-06-30', 293);
INSERT INTO Mission (mission_id, name, description, start_date, colony_id) VALUES (7, 'monetize enterprise synergies', 'Voice major situation win control write get.', '2018-09-07', 66);
INSERT INTO Mission (mission_id, name, description, start_date, colony_id) VALUES (8, 'e-enable bricks-and-clicks deliverables', 'Religious girl light media maybe their great.', '2005-09-12', 185);
INSERT INTO Mission (mission_id, name, description, start_date, colony_id) VALUES (9, 'revolutionize cross-media content', 'Act least easy whatever.', '2019-09-17', 20);
INSERT INTO Mission (mission_id, name, description, start_date, colony_id) VALUES (10, 'optimize e-business relationships', 'Effect old be until nice world.', '2019-09-12', 292);
INSERT INTO Mission (mission_id, name, description, start_date, colony_id) VALUES (11, 'orchestrate seamless channels', 'Anyone story establish herself your a build.', '2008-02-29', 274);
INSERT INTO Mission (mission_id, name, description, start_date, colony_id) VALUES (12, 'monetize holistic web-readiness', 'Approach usually five.', '2021-06-03', 50);
INSERT INTO Mission (mission_id, name, description, start_date, colony_id) VALUES (13, 'utilize magnetic eyeballs', 'Success build road participant finally happy.', '2013-04-28', 283);
INSERT INTO Mission (mission_id, name, description, start_date, colony_id) VALUES (14, 'enable clicks-and-mortar e-business', 'Bad important remain know about raise.', '2020-07-21', 353);
INSERT INTO Mission (mission_id, name, description, start_date, colony_id) VALUES (15, 're-contextualize virtual partnerships', 'Yet particular it may.', '2023-06-13', 252);
INSERT INTO Mission (mission_id, name, description, start_date, colony_id) VALUES (16, 'productize customized systems', 'Room either test international point.', '2019-10-19', 119);
INSERT INTO Mission (mission_id, name, description, start_date, colony_id) VALUES (17, 'disintermediate open-source action-items', 'Memory your meeting natural deal particularly hard church.', '2003-11-23', 396);
INSERT INTO Mission (mission_id, name, description, start_date, colony_id) VALUES (18, 'harness impactful models', 'Really lot cell purpose leave activity.', '2014-11-05', 307);
INSERT INTO Mission (mission_id, name, description, start_date, colony_id) VALUES (19, 'cultivate back-end web-readiness', 'Professional able here least however.', '2002-05-29', 334);
INSERT INTO Mission (mission_id, name, description, start_date, colony_id) VALUES (20, 'enhance clicks-and-mortar e-services', 'Light state cut series left.', '2025-03-21', 44);
INSERT INTO Mission (mission_id, name, description, start_date, colony_id) VALUES (21, 'productize cutting-edge e-commerce', 'Safe report home drug white room small.', '2010-10-05', 199);
INSERT INTO Mission (mission_id, name, description, start_date, colony_id) VALUES (22, 'morph wireless experiences', 'Official family once answer box answer blood.', '2017-11-13', 74);
INSERT INTO Mission (mission_id, name, description, start_date, colony_id) VALUES (23, 'expedite global portals', 'Summer us education anyone however force point family.', '2011-01-09', 208);
INSERT INTO Mission (mission_id, name, description, start_date, colony_id) VALUES (24, 'iterate intuitive solutions', 'Beautiful kind team.', '2004-06-26', 278);
INSERT INTO Mission (mission_id, name, description, start_date, colony_id) VALUES (25, 'scale dynamic portals', 'Better today key hundred security mind.', '2016-12-16', 177);
INSERT INTO Mission (mission_id, name, description, start_date, colony_id) VALUES (26, 'whiteboard 24/365 metrics', 'Enjoy voice crime into near general add.', '2020-03-01', 308);
INSERT INTO Mission (mission_id, name, description, start_date, colony_id) VALUES (27, 'extend extensible markets', 'Service teacher both film book let team plan.', '2023-12-13', 76);
INSERT INTO Mission (mission_id, name, description, start_date, colony_id) VALUES (28, 'brand one-to-one markets', 'Yeah difficult perform run result ready nothing.', '2015-05-16', 391);
INSERT INTO Mission (mission_id, name, description, start_date, colony_id) VALUES (29, 'mesh 24/7 methodologies', 'Approach deep former race contain determine.', '2004-03-26', 208);
INSERT INTO Mission (mission_id, name, description, start_date, colony_id) VALUES (30, 'enhance seamless ROI', 'Hotel speak general east car miss cultural.', '2017-01-27', 213);
INSERT INTO Mission (mission_id, name, description, start_date, colony_id) VALUES (31, 'disintermediate world-class metrics', 'Hit more rather painting follow together.', '2005-04-26', 83);
INSERT INTO Mission (mission_id, name, description, start_date, colony_id) VALUES (32, 'strategize global systems', 'Level growth responsibility around event go growth sea.', '2004-02-25', 206);
INSERT INTO Mission (mission_id, name, description, start_date, colony_id) VALUES (33, 'synergize synergistic infrastructures', 'Garden science rate specific meet approach.', '2023-09-05', 220);
INSERT INTO Mission (mission_id, name, description, start_date, colony_id) VALUES (34, 'benchmark revolutionary web services', 'Thus build and thus structure protect sense.', '2014-12-31', 87);
INSERT INTO Mission (mission_id, name, description, start_date, colony_id) VALUES (35, 'synergize strategic initiatives', 'Their form manager miss foreign significant head.', '2025-03-27', 206);
INSERT INTO Mission (mission_id, name, description, start_date, colony_id) VALUES (36, 'embrace scalable e-tailers', 'Image day if carry second yeah goal.', '2016-09-17', 4);
INSERT INTO Mission (mission_id, name, description, start_date, colony_id) VALUES (37, 'extend web-enabled vortals', 'Our concern method high town you test.', '2003-12-31', 261);
INSERT INTO Mission (mission_id, name, description, start_date, colony_id) VALUES (38, 'architect magnetic action-items', 'Result consumer TV themselves.', '2018-04-12', 240);
INSERT INTO Mission (mission_id, name, description, start_date, colony_id) VALUES (39, 'revolutionize real-time applications', 'Nearly total reveal probably build.', '2011-06-23', 221);
INSERT INTO Mission (mission_id, name, description, start_date, colony_id) VALUES (40, 'orchestrate impactful e-tailers', 'Represent white often.', '2004-01-31', 126);
INSERT INTO Mission (mission_id, name, description, start_date, colony_id) VALUES (41, 'benchmark impactful methodologies', 'Or brother crime then product.', '2005-03-11', 213);
INSERT INTO Mission (mission_id, name, description, start_date, colony_id) VALUES (42, 'integrate B2B experiences', 'Let within may plant positive until system.', '2019-11-02', 140);
INSERT INTO Mission (mission_id, name, description, start_date, colony_id) VALUES (43, 'optimize impactful e-markets', 'Young feeling determine fight yourself.', '2022-12-25', 276);
INSERT INTO Mission (mission_id, name, description, start_date, colony_id) VALUES (44, 'enhance cutting-edge convergence', 'Economic charge design cold.', '2007-10-10', 79);
INSERT INTO Mission (mission_id, name, description, start_date, colony_id) VALUES (45, 'empower distributed infrastructures', 'Positive itself while field.', '2006-07-16', 17);
INSERT INTO Mission (mission_id, name, description, start_date, colony_id) VALUES (46, 'seize rich users', 'Project coach organization visit return.', '2008-04-22', 162);
INSERT INTO Mission (mission_id, name, description, start_date, colony_id) VALUES (47, 'engage robust vortals', 'Fine budget finally determine.', '2021-05-06', 253);
INSERT INTO Mission (mission_id, name, description, start_date, colony_id) VALUES (48, 'cultivate robust action-items', 'Church choose represent west support.', '2006-05-29', 202);
INSERT INTO Mission (mission_id, name, description, start_date, colony_id) VALUES (49, 'incentivize next-generation markets', 'Knowledge ability would interest whose job finish.', '2005-09-18', 221);
INSERT INTO Mission (mission_id, name, description, start_date, colony_id) VALUES (50, 'brand user-centric supply-chains', 'Than resource threat how article language.', '2005-08-08', 148);
INSERT INTO Mission (mission_id, name, description, start_date, colony_id) VALUES (51, 'incentivize scalable portals', 'Certainly few year blood.', '2012-07-13', 154);
INSERT INTO Mission (mission_id, name, description, start_date, colony_id) VALUES (52, 'engage visionary content', 'Decade opportunity east certain have.', '2002-06-21', 230);
INSERT INTO Mission (mission_id, name, description, start_date, colony_id) VALUES (53, 'harness seamless interfaces', 'Movie provide score executive two have return seem.', '2009-08-15', 315);
INSERT INTO Mission (mission_id, name, description, start_date, colony_id) VALUES (54, 'embrace killer communities', 'First eight case continue improve happen environmental.', '2008-11-25', 207);
INSERT INTO Mission (mission_id, name, description, start_date, colony_id) VALUES (55, 'utilize cross-platform technologies', 'Instead watch discussion money understand clear various sometimes.', '2020-02-25', 107);
INSERT INTO Mission (mission_id, name, description, start_date, colony_id) VALUES (56, 'integrate magnetic networks', 'Why new strategy anything baby beat.', '2024-11-01', 290);
INSERT INTO Mission (mission_id, name, description, start_date, colony_id) VALUES (57, 'synergize magnetic models', 'Upon form degree mission it.', '2022-08-20', 22);
INSERT INTO Mission (mission_id, name, description, start_date, colony_id) VALUES (58, 're-intermediate dynamic action-items', 'Today upon first million take interview budget.', '2007-10-30', 345);
INSERT INTO Mission (mission_id, name, description, start_date, colony_id) VALUES (59, 'harness frictionless ROI', 'Set wish choice citizen job rest your.', '2006-07-02', 12);
INSERT INTO Mission (mission_id, name, description, start_date, colony_id) VALUES (60, 'synergize B2C systems', 'Her character blue adult.', '2011-01-02', 345);
INSERT INTO Mission (mission_id, name, description, start_date, colony_id) VALUES (61, 'implement leading-edge deliverables', 'Anything sing however team yourself charge.', '2017-11-22', 249);
INSERT INTO Mission (mission_id, name, description, start_date, colony_id) VALUES (62, 'maximize enterprise applications', 'According television student author class personal.', '2003-07-25', 245);
INSERT INTO Mission (mission_id, name, description, start_date, colony_id) VALUES (63, 'engineer sticky communities', 'Late military their reason tree whole.', '2017-05-20', 280);
INSERT INTO Mission (mission_id, name, description, start_date, colony_id) VALUES (64, 'generate B2B action-items', 'Step everyone different another court Mr his sport.', '2023-10-08', 156);
INSERT INTO Mission (mission_id, name, description, start_date, colony_id) VALUES (65, 'whiteboard frictionless technologies', 'Try current face record level source suffer.', '2006-07-10', 240);
INSERT INTO Mission (mission_id, name, description, start_date, colony_id) VALUES (66, 'integrate synergistic convergence', 'Above practice continue check.', '2017-09-02', 100);
INSERT INTO Mission (mission_id, name, description, start_date, colony_id) VALUES (67, 'engage frictionless eyeballs', 'Spring daughter cold method.', '2002-01-08', 42);
INSERT INTO Mission (mission_id, name, description, start_date, colony_id) VALUES (68, 'architect scalable portals', 'Use fill specific city thousand record if.', '2002-11-19', 221);
INSERT INTO Mission (mission_id, name, description, start_date, colony_id) VALUES (69, 'expedite leading-edge channels', 'Those establish continue down eat another step.', '2024-09-09', 376);
INSERT INTO Mission (mission_id, name, description, start_date, colony_id) VALUES (70, 'harness mission-critical e-markets', 'Government cause cell.', '2002-08-20', 304);
INSERT INTO Mission (mission_id, name, description, start_date, colony_id) VALUES (71, 'engineer e-business communities', 'Line statement lead wonder drop other rather.', '2015-12-24', 193);
INSERT INTO Mission (mission_id, name, description, start_date, colony_id) VALUES (72, 'aggregate e-business web services', 'Prepare land system.', '2013-06-22', 176);
INSERT INTO Mission (mission_id, name, description, start_date, colony_id) VALUES (73, 'empower viral eyeballs', 'Lot tonight detail respond crime family either.', '2018-06-21', 336);
INSERT INTO Mission (mission_id, name, description, start_date, colony_id) VALUES (74, 'reinvent one-to-one e-markets', 'Bar health unit still brother kid.', '2005-07-08', 337);
INSERT INTO Mission (mission_id, name, description, start_date, colony_id) VALUES (75, 'seize extensible portals', 'Kid ok financial rise.', '2013-10-23', 4);
INSERT INTO Mission (mission_id, name, description, start_date, colony_id) VALUES (76, 'expedite impactful architectures', 'Organization point power well produce amount soon.', '2009-03-07', 247);
INSERT INTO Mission (mission_id, name, description, start_date, colony_id) VALUES (77, 'deploy vertical vortals', 'Adult happy education join high.', '2002-03-27', 371);
INSERT INTO Mission (mission_id, name, description, start_date, colony_id) VALUES (78, 'envisioneer out-of-the-box bandwidth', 'Check budget manage require nature.', '2007-08-12', 32);
INSERT INTO Mission (mission_id, name, description, start_date, colony_id) VALUES (79, 'morph proactive technologies', 'Move education lead hot pretty.', '2001-03-26', 70);
INSERT INTO Mission (mission_id, name, description, start_date, colony_id) VALUES (80, 'optimize revolutionary e-tailers', 'Newspaper politics certain full sister identify same.', '2002-04-29', 248);
INSERT INTO Mission (mission_id, name, description, start_date, colony_id) VALUES (81, 'transform best-of-breed initiatives', 'Hot fly per truth see very.', '2002-01-11', 206);
INSERT INTO Mission (mission_id, name, description, start_date, colony_id) VALUES (82, 'streamline proactive mindshare', 'Consumer campaign end read fight very.', '2020-11-21', 388);
INSERT INTO Mission (mission_id, name, description, start_date, colony_id) VALUES (83, 'generate transparent paradigms', 'Head figure statement suddenly offer together.', '2001-01-16', 315);
INSERT INTO Mission (mission_id, name, description, start_date, colony_id) VALUES (84, 'reinvent transparent bandwidth', 'Suffer up include pay candidate.', '2004-09-04', 175);
INSERT INTO Mission (mission_id, name, description, start_date, colony_id) VALUES (85, 'incentivize out-of-the-box supply-chains', 'Follow agree subject cut where.', '2008-06-13', 345);
INSERT INTO Mission (mission_id, name, description, start_date, colony_id) VALUES (86, 'revolutionize front-end paradigms', 'Hundred along others ask general.', '2005-12-14', 275);
INSERT INTO Mission (mission_id, name, description, start_date, colony_id) VALUES (87, 'whiteboard ubiquitous platforms', 'Movement factor skin care oil after capital.', '2018-05-18', 370);
INSERT INTO Mission (mission_id, name, description, start_date, colony_id) VALUES (88, 'syndicate one-to-one platforms', 'Poor particularly none position campaign.', '2015-07-03', 394);
INSERT INTO Mission (mission_id, name, description, start_date, colony_id) VALUES (89, 'generate frictionless markets', 'Result recognize model walk.', '2010-07-15', 24);
INSERT INTO Mission (mission_id, name, description, start_date, colony_id) VALUES (90, 'leverage transparent networks', 'Item need data price outside determine.', '2002-01-26', 245);
INSERT INTO Mission (mission_id, name, description, start_date, colony_id) VALUES (91, 'enhance strategic e-commerce', 'Billion together guy describe soon happen meeting.', '2018-10-21', 167);
INSERT INTO Mission (mission_id, name, description, start_date, colony_id) VALUES (92, 'syndicate enterprise e-services', 'Body career others change identify hospital expert a.', '2021-09-18', 192);
INSERT INTO Mission (mission_id, name, description, start_date, colony_id) VALUES (93, 'deploy distributed experiences', 'Finally avoid camera rest.', '2024-12-05', 97);
INSERT INTO Mission (mission_id, name, description, start_date, colony_id) VALUES (94, 'engineer impactful communities', 'Daughter none glass wrong wonder.', '2002-06-09', 8);
INSERT INTO Mission (mission_id, name, description, start_date, colony_id) VALUES (95, 'harness B2C applications', 'Deal that two military sure lose.', '2021-06-08', 93);
INSERT INTO Mission (mission_id, name, description, start_date, colony_id) VALUES (96, 'utilize world-class e-commerce', 'Provide guy low only herself write may yourself.', '2008-03-01', 261);
INSERT INTO Mission (mission_id, name, description, start_date, colony_id) VALUES (97, 'engage robust niches', 'Only ten true determine military.', '2000-05-21', 64);
INSERT INTO Mission (mission_id, name, description, start_date, colony_id) VALUES (98, 're-contextualize 24/7 methodologies', 'Summer draw name nearly condition.', '2019-10-17', 32);
INSERT INTO Mission (mission_id, name, description, start_date, colony_id) VALUES (99, 'envisioneer clicks-and-mortar technologies', 'Teach window sort four answer high increase.', '2006-09-23', 333);
INSERT INTO Mission (mission_id, name, description, start_date, colony_id) VALUES (100, 'redefine end-to-end e-commerce', 'Entire hotel simple yeah organization break.', '2018-10-07', 213);
INSERT INTO Mission (mission_id, name, description, start_date, colony_id) VALUES (101, 'aggregate mission-critical channels', 'Nice point year indicate teach.', '2006-10-16', 49);
INSERT INTO Mission (mission_id, name, description, start_date, colony_id) VALUES (102, 'aggregate rich web services', 'Source see music sister notice protect yet.', '2006-07-30', 104);
INSERT INTO Mission (mission_id, name, description, start_date, colony_id) VALUES (103, 'scale virtual interfaces', 'Prepare green forward they own.', '2019-05-09', 346);
INSERT INTO Mission (mission_id, name, description, start_date, colony_id) VALUES (104, 'facilitate sticky initiatives', 'Cold few car executive system.', '2016-09-19', 265);
INSERT INTO Mission (mission_id, name, description, start_date, colony_id) VALUES (105, 're-intermediate open-source vortals', 'Into speech thank pattern our.', '2005-08-27', 347);
INSERT INTO Mission (mission_id, name, description, start_date, colony_id) VALUES (106, 'maximize magnetic solutions', 'Two rest environmental left three as guy.', '2024-08-25', 177);
INSERT INTO Mission (mission_id, name, description, start_date, colony_id) VALUES (107, 'expedite holistic content', 'Nature structure today pass stay.', '2017-02-13', 155);
INSERT INTO Mission (mission_id, name, description, start_date, colony_id) VALUES (108, 'productize distributed action-items', 'Business student class return year.', '2001-11-23', 321);
INSERT INTO Mission (mission_id, name, description, start_date, colony_id) VALUES (109, 'disintermediate sticky markets', 'Our beyond several network item.', '2008-04-20', 23);
INSERT INTO Mission (mission_id, name, description, start_date, colony_id) VALUES (110, 'incubate extensible convergence', 'Parent deep local after teacher.', '2017-03-26', 163);
INSERT INTO Mission (mission_id, name, description, start_date, colony_id) VALUES (111, 'visualize virtual e-business', 'Relationship suddenly situation close price.', '2012-08-04', 234);
INSERT INTO Mission (mission_id, name, description, start_date, colony_id) VALUES (112, 'orchestrate dot-com functionalities', 'Must heavy case law authority safe.', '2016-01-02', 130);
INSERT INTO Mission (mission_id, name, description, start_date, colony_id) VALUES (113, 'streamline revolutionary synergies', 'North since firm final pattern hard.', '2013-02-10', 303);
INSERT INTO Mission (mission_id, name, description, start_date, colony_id) VALUES (114, 're-intermediate front-end solutions', 'Oil identify some stand particular.', '2001-05-16', 128);
INSERT INTO Mission (mission_id, name, description, start_date, colony_id) VALUES (115, 'unleash synergistic action-items', 'Church already speech important there city.', '2002-07-11', 272);
INSERT INTO Mission (mission_id, name, description, start_date, colony_id) VALUES (116, 'aggregate value-added channels', 'Just available hospital.', '2005-11-16', 277);
INSERT INTO Mission (mission_id, name, description, start_date, colony_id) VALUES (117, 'e-enable dynamic networks', 'Single room poor catch.', '2016-05-22', 104);
INSERT INTO Mission (mission_id, name, description, start_date, colony_id) VALUES (118, 'synergize proactive web services', 'Book situation charge answer strong law a industry.', '2010-02-05', 17);
INSERT INTO Mission (mission_id, name, description, start_date, colony_id) VALUES (119, 'deploy synergistic e-business', 'They most ability young beautiful pick certainly.', '2015-09-24', 317);
INSERT INTO Mission (mission_id, name, description, start_date, colony_id) VALUES (120, 'syndicate killer partnerships', 'Send chair though participant effort Mrs toward successful.', '2020-01-01', 373);
INSERT INTO Mission (mission_id, name, description, start_date, colony_id) VALUES (121, 'disintermediate visionary eyeballs', 'Space check marriage wall condition unit theory during.', '2019-03-17', 328);
INSERT INTO Mission (mission_id, name, description, start_date, colony_id) VALUES (122, 're-intermediate global models', 'A system control pay weight character and.', '2014-11-24', 72);
INSERT INTO Mission (mission_id, name, description, start_date, colony_id) VALUES (123, 'revolutionize one-to-one mindshare', 'Sense source pretty single speech politics statement writer.', '2012-07-30', 156);
INSERT INTO Mission (mission_id, name, description, start_date, colony_id) VALUES (124, 'engineer one-to-one ROI', 'North wish natural catch beyond part enough.', '2000-09-04', 326);
INSERT INTO Mission (mission_id, name, description, start_date, colony_id) VALUES (125, 'aggregate back-end networks', 'Free particular total serious fund so entire campaign.', '2014-10-24', 302);
INSERT INTO Mission (mission_id, name, description, start_date, colony_id) VALUES (126, 'iterate wireless content', 'Culture race campaign father involve adult property contain.', '2013-08-11', 335);
INSERT INTO Mission (mission_id, name, description, start_date, colony_id) VALUES (127, 'architect revolutionary ROI', 'Despite read test poor practice but.', '2023-10-23', 297);
INSERT INTO Mission (mission_id, name, description, start_date, colony_id) VALUES (128, 'harness killer applications', 'Seek bag center coach they final west.', '2008-12-05', 389);
INSERT INTO Mission (mission_id, name, description, start_date, colony_id) VALUES (129, 'scale real-time deliverables', 'Financial couple fine teach process fire.', '2015-10-08', 33);
INSERT INTO Mission (mission_id, name, description, start_date, colony_id) VALUES (130, 'disintermediate collaborative vortals', 'Exist enjoy well remain close real try.', '2003-07-05', 83);
INSERT INTO Mission (mission_id, name, description, start_date, colony_id) VALUES (131, 're-intermediate proactive methodologies', 'Power piece kid another bring inside.', '2014-03-08', 177);
INSERT INTO Mission (mission_id, name, description, start_date, colony_id) VALUES (132, 'revolutionize frictionless e-business', 'Arrive may whom clearly tend.', '2011-12-16', 343);
INSERT INTO Mission (mission_id, name, description, start_date, colony_id) VALUES (133, 'synthesize leading-edge schemas', 'Poor feel democratic thank.', '2020-09-21', 308);
INSERT INTO Mission (mission_id, name, description, start_date, colony_id) VALUES (134, 'orchestrate impactful interfaces', 'This plant six field drive consumer common such.', '2018-07-11', 199);
INSERT INTO Mission (mission_id, name, description, start_date, colony_id) VALUES (135, 'envisioneer rich niches', 'Significant seven with reduce occur true.', '2009-02-02', 15);
INSERT INTO Mission (mission_id, name, description, start_date, colony_id) VALUES (136, 'embrace value-added deliverables', 'Wind box degree help participant generation half.', '2007-07-28', 194);
INSERT INTO Mission (mission_id, name, description, start_date, colony_id) VALUES (137, 'utilize best-of-breed infrastructures', 'Power admit senior send walk future.', '2018-01-09', 116);
INSERT INTO Mission (mission_id, name, description, start_date, colony_id) VALUES (138, 'exploit seamless bandwidth', 'Offer agency page election.', '2009-06-05', 201);
INSERT INTO Mission (mission_id, name, description, start_date, colony_id) VALUES (139, 'engage ubiquitous networks', 'Couple bed man.', '2020-12-19', 149);
INSERT INTO Mission (mission_id, name, description, start_date, colony_id) VALUES (140, 'scale clicks-and-mortar e-commerce', 'Smile home eye glass director car beyond air.', '2001-09-02', 25);
INSERT INTO Mission (mission_id, name, description, start_date, colony_id) VALUES (141, 'transition sticky web services', 'Democrat style program hear.', '2024-02-27', 294);
INSERT INTO Mission (mission_id, name, description, start_date, colony_id) VALUES (142, 'unleash one-to-one channels', 'Across television couple woman them.', '2005-05-05', 382);
INSERT INTO Mission (mission_id, name, description, start_date, colony_id) VALUES (143, 'evolve back-end metrics', 'Every long resource discussion tend long travel.', '2000-06-28', 390);
INSERT INTO Mission (mission_id, name, description, start_date, colony_id) VALUES (144, 'e-enable revolutionary experiences', 'One his class million.', '2007-03-14', 211);
INSERT INTO Mission (mission_id, name, description, start_date, colony_id) VALUES (145, 'enable magnetic mindshare', 'Even hear political should wear.', '2010-03-07', 345);
INSERT INTO Mission (mission_id, name, description, start_date, colony_id) VALUES (146, 'monetize web-enabled bandwidth', 'South open process that get your whom quite.', '2023-11-17', 110);
INSERT INTO Mission (mission_id, name, description, start_date, colony_id) VALUES (147, 'reinvent holistic web-readiness', 'Into difficult thought modern.', '2020-05-13', 153);
INSERT INTO Mission (mission_id, name, description, start_date, colony_id) VALUES (148, 'leverage ubiquitous models', 'Would news ok trouble court.', '2017-12-02', 181);
INSERT INTO Mission (mission_id, name, description, start_date, colony_id) VALUES (149, 'envisioneer magnetic methodologies', 'Dinner shake they of two many medical I.', '2021-07-26', 37);
INSERT INTO Mission (mission_id, name, description, start_date, colony_id) VALUES (150, 're-contextualize B2B niches', 'Firm air strategy director effort.', '2001-07-26', 284);
INSERT INTO Mission (mission_id, name, description, start_date, colony_id) VALUES (151, 'unleash strategic bandwidth', 'Your question become particular help knowledge someone certainly.', '2018-06-17', 295);
INSERT INTO Mission (mission_id, name, description, start_date, colony_id) VALUES (152, 'transition viral infrastructures', 'Church data front position quickly range maybe.', '2009-05-11', 296);
INSERT INTO Mission (mission_id, name, description, start_date, colony_id) VALUES (153, 'redefine cross-platform e-tailers', 'Consider bag provide smile.', '2006-10-26', 182);
INSERT INTO Mission (mission_id, name, description, start_date, colony_id) VALUES (154, 'incubate robust mindshare', 'Each letter ok.', '2022-08-14', 105);
INSERT INTO Mission (mission_id, name, description, start_date, colony_id) VALUES (155, 'revolutionize B2C experiences', 'Yet factor nothing must medical beautiful strong.', '2020-02-28', 250);
INSERT INTO Mission (mission_id, name, description, start_date, colony_id) VALUES (156, 'revolutionize e-business deliverables', 'Dark beat wind tonight hold.', '2009-04-08', 391);
INSERT INTO Mission (mission_id, name, description, start_date, colony_id) VALUES (157, 'cultivate cutting-edge e-tailers', 'Along positive dark.', '2012-01-02', 289);
INSERT INTO Mission (mission_id, name, description, start_date, colony_id) VALUES (158, 'engage extensible supply-chains', 'Past food good blood Mrs idea.', '2014-03-30', 257);
INSERT INTO Mission (mission_id, name, description, start_date, colony_id) VALUES (159, 'optimize user-centric communities', 'Bank on high by.', '2013-09-13', 102);
INSERT INTO Mission (mission_id, name, description, start_date, colony_id) VALUES (160, 'monetize robust portals', 'Not this risk assume event.', '2016-01-19', 135);
INSERT INTO Mission (mission_id, name, description, start_date, colony_id) VALUES (161, 'deploy next-generation e-tailers', 'Imagine clear accept share clearly against interview.', '2000-11-20', 74);
INSERT INTO Mission (mission_id, name, description, start_date, colony_id) VALUES (162, 're-intermediate revolutionary channels', 'My open sort four.', '2018-07-18', 383);
INSERT INTO Mission (mission_id, name, description, start_date, colony_id) VALUES (163, 'e-enable dynamic channels', 'West animal as.', '2004-04-29', 45);
INSERT INTO Mission (mission_id, name, description, start_date, colony_id) VALUES (164, 'disintermediate innovative methodologies', 'Power include million safe water great stop.', '2020-05-15', 304);
INSERT INTO Mission (mission_id, name, description, start_date, colony_id) VALUES (165, 'optimize end-to-end schemas', 'But series participant method page.', '2007-03-19', 292);
INSERT INTO Mission (mission_id, name, description, start_date, colony_id) VALUES (166, 'mesh open-source applications', 'Material quickly game address people part for.', '2000-07-18', 133);
INSERT INTO Mission (mission_id, name, description, start_date, colony_id) VALUES (167, 'leverage one-to-one functionalities', 'Specific over president young.', '2019-12-06', 117);
INSERT INTO Mission (mission_id, name, description, start_date, colony_id) VALUES (168, 'integrate out-of-the-box channels', 'Good federal try half market.', '2019-03-18', 225);
INSERT INTO Mission (mission_id, name, description, start_date, colony_id) VALUES (169, 'streamline collaborative web services', 'Series strong yard edge instead blood interest summer.', '2017-03-13', 251);
INSERT INTO Mission (mission_id, name, description, start_date, colony_id) VALUES (170, 'implement transparent markets', 'Available fast job then rule which sense.', '2014-01-30', 379);
INSERT INTO Mission (mission_id, name, description, start_date, colony_id) VALUES (171, 'transform value-added eyeballs', 'Forget painting agree.', '2003-06-20', 219);
INSERT INTO Mission (mission_id, name, description, start_date, colony_id) VALUES (172, 'whiteboard cross-platform eyeballs', 'Player mean rock present.', '2001-01-25', 363);
INSERT INTO Mission (mission_id, name, description, start_date, colony_id) VALUES (173, 'productize best-of-breed supply-chains', 'Bag north certainly study space quickly line.', '2016-02-08', 303);
INSERT INTO Mission (mission_id, name, description, start_date, colony_id) VALUES (174, 'benchmark revolutionary e-tailers', 'News learn both must defense house.', '2011-06-04', 297);
INSERT INTO Mission (mission_id, name, description, start_date, colony_id) VALUES (175, 'seize rich web services', 'More thought throw perform blood down finally.', '2015-08-18', 346);
INSERT INTO Mission (mission_id, name, description, start_date, colony_id) VALUES (176, 'utilize best-of-breed technologies', 'These their represent inside set week garden crime.', '2002-01-31', 388);
INSERT INTO Mission (mission_id, name, description, start_date, colony_id) VALUES (177, 'leverage collaborative ROI', 'Sea industry themselves hear turn generation recognize.', '2010-11-18', 107);
INSERT INTO Mission (mission_id, name, description, start_date, colony_id) VALUES (178, 'exploit seamless convergence', 'Congress these nearly.', '2022-09-29', 298);
INSERT INTO Mission (mission_id, name, description, start_date, colony_id) VALUES (179, 'envisioneer front-end supply-chains', 'Here meet data group.', '2008-12-08', 204);
INSERT INTO Mission (mission_id, name, description, start_date, colony_id) VALUES (180, 'revolutionize intuitive relationships', 'System trade suffer two white miss.', '2013-08-30', 105);
INSERT INTO Mission (mission_id, name, description, start_date, colony_id) VALUES (181, 'whiteboard magnetic paradigms', 'High girl page democratic picture who.', '2000-05-23', 125);
INSERT INTO Mission (mission_id, name, description, start_date, colony_id) VALUES (182, 'harness cross-platform convergence', 'Pull century much form magazine second become kitchen.', '2013-09-24', 62);
INSERT INTO Mission (mission_id, name, description, start_date, colony_id) VALUES (183, 'brand cross-media relationships', 'Reveal environmental science down imagine good report.', '2003-03-11', 169);
INSERT INTO Mission (mission_id, name, description, start_date, colony_id) VALUES (184, 'target web-enabled technologies', 'Plan their place continue practice artist effect.', '2014-06-17', 365);
INSERT INTO Mission (mission_id, name, description, start_date, colony_id) VALUES (185, 'incubate viral functionalities', 'Evidence pattern statement page.', '2002-05-22', 290);
INSERT INTO Mission (mission_id, name, description, start_date, colony_id) VALUES (186, 'extend virtual e-services', 'From pick next smile all manage give among.', '2004-01-04', 288);
INSERT INTO Mission (mission_id, name, description, start_date, colony_id) VALUES (187, 'incubate revolutionary users', 'Together these boy family pattern camera thought various.', '2021-04-15', 161);
INSERT INTO Mission (mission_id, name, description, start_date, colony_id) VALUES (188, 'generate dot-com vortals', 'Property style form act ok such physical.', '2017-02-15', 183);
INSERT INTO Mission (mission_id, name, description, start_date, colony_id) VALUES (189, 'maximize one-to-one supply-chains', 'Clear else store team firm exist change bit.', '2017-01-06', 51);
INSERT INTO Mission (mission_id, name, description, start_date, colony_id) VALUES (190, 'exploit out-of-the-box initiatives', 'Interview put choice all group administration.', '2016-11-02', 365);
INSERT INTO Mission (mission_id, name, description, start_date, colony_id) VALUES (191, 'visualize one-to-one mindshare', 'Officer indeed go speak now meeting.', '2020-04-20', 106);
INSERT INTO Mission (mission_id, name, description, start_date, colony_id) VALUES (192, 'morph extensible convergence', 'Quality behavior increase father trial answer.', '2011-02-14', 278);
INSERT INTO Mission (mission_id, name, description, start_date, colony_id) VALUES (193, 'architect one-to-one portals', 'Without out share community ground agree.', '2006-04-06', 272);
INSERT INTO Mission (mission_id, name, description, start_date, colony_id) VALUES (194, 'leverage synergistic partnerships', 'Over nearly that glass.', '2008-11-07', 149);
INSERT INTO Mission (mission_id, name, description, start_date, colony_id) VALUES (195, 'matrix dot-com partnerships', 'Rest simply item product camera.', '2015-11-05', 361);
INSERT INTO Mission (mission_id, name, description, start_date, colony_id) VALUES (196, 'mesh open-source markets', 'Cost machine do economy.', '2005-11-09', 358);
INSERT INTO Mission (mission_id, name, description, start_date, colony_id) VALUES (197, 'utilize cross-platform web-readiness', 'To land all culture.', '2010-09-19', 202);
INSERT INTO Mission (mission_id, name, description, start_date, colony_id) VALUES (198, 'utilize vertical interfaces', 'But analysis it explain everybody attention example.', '2000-05-05', 78);
INSERT INTO Mission (mission_id, name, description, start_date, colony_id) VALUES (199, 'synergize cross-media channels', 'American admit yet not.', '2010-01-11', 318);
INSERT INTO Mission (mission_id, name, description, start_date, colony_id) VALUES (200, 'reinvent out-of-the-box deliverables', 'Travel product go seem take.', '2006-05-30', 235);
INSERT INTO Mission (mission_id, name, description, start_date, colony_id) VALUES (201, 'iterate clicks-and-mortar convergence', 'Style free environmental beautiful difference guess focus.', '2000-12-26', 195);
INSERT INTO Mission (mission_id, name, description, start_date, colony_id) VALUES (202, 'deploy open-source portals', 'When reveal citizen special.', '2007-07-01', 161);
INSERT INTO Mission (mission_id, name, description, start_date, colony_id) VALUES (203, 'generate customized markets', 'Look both would two.', '2010-05-24', 235);
INSERT INTO Mission (mission_id, name, description, start_date, colony_id) VALUES (204, 'generate collaborative communities', 'Someone never article whatever hear garden data.', '2021-10-28', 147);
INSERT INTO Mission (mission_id, name, description, start_date, colony_id) VALUES (205, 'revolutionize turn-key action-items', 'Scene practice response usually your.', '2014-06-23', 150);
INSERT INTO Mission (mission_id, name, description, start_date, colony_id) VALUES (206, 'morph e-business functionalities', 'Avoid politics station director very mouth expert.', '2005-07-08', 129);
INSERT INTO Mission (mission_id, name, description, start_date, colony_id) VALUES (207, 'target wireless mindshare', 'Worker real lay.', '2019-10-24', 202);
INSERT INTO Mission (mission_id, name, description, start_date, colony_id) VALUES (208, 'syndicate bleeding-edge mindshare', 'Special head inside factor high.', '2001-12-10', 141);
INSERT INTO Mission (mission_id, name, description, start_date, colony_id) VALUES (209, 'whiteboard customized interfaces', 'Kitchen sell painting somebody.', '2005-04-10', 67);
INSERT INTO Mission (mission_id, name, description, start_date, colony_id) VALUES (210, 'maximize impactful synergies', 'Discussion garden coach teach wear value war only.', '2006-12-01', 248);
INSERT INTO Mission (mission_id, name, description, start_date, colony_id) VALUES (211, 're-contextualize global solutions', 'Country operation carry.', '2011-02-12', 291);
INSERT INTO Mission (mission_id, name, description, start_date, colony_id) VALUES (212, 'visualize next-generation initiatives', 'Despite myself nor necessary last quite.', '2025-03-05', 86);
INSERT INTO Mission (mission_id, name, description, start_date, colony_id) VALUES (213, 'visualize holistic e-markets', 'Without skill out early eat like without day.', '2007-02-17', 84);
INSERT INTO Mission (mission_id, name, description, start_date, colony_id) VALUES (214, 'aggregate holistic e-markets', 'Ever hair reflect various.', '2000-06-12', 33);
INSERT INTO Mission (mission_id, name, description, start_date, colony_id) VALUES (215, 'visualize proactive systems', 'Low project condition usually all billion.', '2019-11-04', 21);
INSERT INTO Mission (mission_id, name, description, start_date, colony_id) VALUES (216, 'enhance robust content', 'Set clearly sit cover five movement order.', '2002-03-28', 94);
INSERT INTO Mission (mission_id, name, description, start_date, colony_id) VALUES (217, 'morph visionary infrastructures', 'Enough perform commercial TV respond.', '2001-06-13', 138);
INSERT INTO Mission (mission_id, name, description, start_date, colony_id) VALUES (218, 'seize 24/365 architectures', 'Street late mission enjoy.', '2002-05-02', 119);
INSERT INTO Mission (mission_id, name, description, start_date, colony_id) VALUES (219, 'syndicate distributed interfaces', 'Particular enter listen relate loss could.', '2023-08-06', 40);
INSERT INTO Mission (mission_id, name, description, start_date, colony_id) VALUES (220, 'redefine open-source e-business', 'View ten court book.', '2011-06-19', 230);
INSERT INTO Mission (mission_id, name, description, start_date, colony_id) VALUES (221, 'leverage collaborative supply-chains', 'Possible security hundred mention smile will.', '2021-05-11', 316);
INSERT INTO Mission (mission_id, name, description, start_date, colony_id) VALUES (222, 'whiteboard bricks-and-clicks models', 'Room occur compare according must.', '2016-01-18', 285);
INSERT INTO Mission (mission_id, name, description, start_date, colony_id) VALUES (223, 'maximize turn-key convergence', 'Affect own city can security.', '2019-06-09', 20);
INSERT INTO Mission (mission_id, name, description, start_date, colony_id) VALUES (224, 'e-enable seamless e-commerce', 'Laugh involve goal what after another.', '2017-03-21', 208);
INSERT INTO Mission (mission_id, name, description, start_date, colony_id) VALUES (225, 'exploit distributed mindshare', 'Stay read chance brother get.', '2023-03-06', 304);
INSERT INTO Mission (mission_id, name, description, start_date, colony_id) VALUES (226, 'extend interactive users', 'Let charge fine control project oil.', '2018-08-02', 124);
INSERT INTO Mission (mission_id, name, description, start_date, colony_id) VALUES (227, 'syndicate front-end mindshare', 'Race trouble fine ground.', '2023-03-31', 156);
INSERT INTO Mission (mission_id, name, description, start_date, colony_id) VALUES (228, 'target customized e-markets', 'Return cut notice country image so.', '2014-09-22', 93);
INSERT INTO Mission (mission_id, name, description, start_date, colony_id) VALUES (229, 'streamline granular applications', 'Thing exactly list traditional behind.', '2000-03-29', 182);
INSERT INTO Mission (mission_id, name, description, start_date, colony_id) VALUES (230, 'disintermediate revolutionary channels', 'Child just artist college.', '2006-04-27', 216);
INSERT INTO Mission (mission_id, name, description, start_date, colony_id) VALUES (231, 'drive clicks-and-mortar schemas', 'Politics five tree cultural series.', '2009-04-10', 107);
INSERT INTO Mission (mission_id, name, description, start_date, colony_id) VALUES (232, 'streamline transparent methodologies', 'Political north along heavy.', '2021-08-30', 327);
INSERT INTO Mission (mission_id, name, description, start_date, colony_id) VALUES (233, 're-intermediate value-added applications', 'Hair town particular benefit nation.', '2024-03-03', 220);
INSERT INTO Mission (mission_id, name, description, start_date, colony_id) VALUES (234, 'mesh open-source markets', 'Order gas total many nor.', '2007-07-11', 319);
INSERT INTO Mission (mission_id, name, description, start_date, colony_id) VALUES (235, 'empower proactive action-items', 'Start agree political different whose development.', '2005-03-03', 320);
INSERT INTO Mission (mission_id, name, description, start_date, colony_id) VALUES (236, 'generate frictionless markets', 'Ahead become interview wall task big again.', '2021-04-03', 16);
INSERT INTO Mission (mission_id, name, description, start_date, colony_id) VALUES (237, 'transform bricks-and-clicks content', 'Religious rise either interest north event both.', '2007-02-28', 118);
INSERT INTO Mission (mission_id, name, description, start_date, colony_id) VALUES (238, 'engage proactive bandwidth', 'Nothing dream remain.', '2010-04-23', 121);
INSERT INTO Mission (mission_id, name, description, start_date, colony_id) VALUES (239, 'redefine killer interfaces', 'About good opportunity executive others.', '2019-01-22', 266);
INSERT INTO Mission (mission_id, name, description, start_date, colony_id) VALUES (240, 'e-enable magnetic ROI', 'Election name type treat high area face over.', '2007-10-29', 353);
INSERT INTO Mission (mission_id, name, description, start_date, colony_id) VALUES (241, 'mesh dynamic action-items', 'Apply I environmental half.', '2007-01-21', 3);
INSERT INTO Mission (mission_id, name, description, start_date, colony_id) VALUES (242, 'whiteboard end-to-end web services', 'Land current most thought local use finally resource.', '2018-02-28', 305);
INSERT INTO Mission (mission_id, name, description, start_date, colony_id) VALUES (243, 'reinvent user-centric partnerships', 'Six consumer our chair foot reality so.', '2015-05-02', 317);
INSERT INTO Mission (mission_id, name, description, start_date, colony_id) VALUES (244, 'streamline efficient applications', 'Share science loss alone.', '2024-03-16', 168);
INSERT INTO Mission (mission_id, name, description, start_date, colony_id) VALUES (245, 'architect rich content', 'Impact save learn pressure.', '2021-02-06', 89);
INSERT INTO Mission (mission_id, name, description, start_date, colony_id) VALUES (246, 'orchestrate back-end methodologies', 'Read network may her see.', '2012-01-06', 184);
INSERT INTO Mission (mission_id, name, description, start_date, colony_id) VALUES (247, 'integrate ubiquitous partnerships', 'Any long something each true.', '2009-11-03', 258);
INSERT INTO Mission (mission_id, name, description, start_date, colony_id) VALUES (248, 'matrix scalable models', 'Small she nearly type face.', '2024-03-26', 379);
INSERT INTO Mission (mission_id, name, description, start_date, colony_id) VALUES (249, 'scale collaborative functionalities', 'Budget may meet teacher front again offer.', '2006-11-23', 195);
INSERT INTO Mission (mission_id, name, description, start_date, colony_id) VALUES (250, 'revolutionize seamless synergies', 'Provide according pressure past ever choice.', '2014-01-15', 274);
INSERT INTO Mission (mission_id, name, description, start_date, colony_id) VALUES (251, 'unleash visionary e-services', 'Technology attack last add his soon police improve.', '2013-12-20', 149);
INSERT INTO Mission (mission_id, name, description, start_date, colony_id) VALUES (252, 'envisioneer distributed portals', 'Pressure the pull.', '2024-07-08', 107);
INSERT INTO Mission (mission_id, name, description, start_date, colony_id) VALUES (253, 'integrate dynamic relationships', 'Attack later teach best class wonder.', '2025-03-26', 74);
INSERT INTO Mission (mission_id, name, description, start_date, colony_id) VALUES (254, 'mesh efficient mindshare', 'Shoulder avoid fact almost month.', '2013-02-17', 329);
INSERT INTO Mission (mission_id, name, description, start_date, colony_id) VALUES (255, 'enable innovative mindshare', 'Determine part support religious view rate.', '2000-09-07', 353);
INSERT INTO Mission (mission_id, name, description, start_date, colony_id) VALUES (256, 'visualize synergistic web-readiness', 'Fund close help new opportunity.', '2018-05-14', 334);
INSERT INTO Mission (mission_id, name, description, start_date, colony_id) VALUES (257, 'drive visionary channels', 'Care race son recently since anyone.', '2022-11-05', 303);
INSERT INTO Mission (mission_id, name, description, start_date, colony_id) VALUES (258, 'redefine cutting-edge action-items', 'Follow while tonight join improve hair upon.', '2019-08-05', 296);
INSERT INTO Mission (mission_id, name, description, start_date, colony_id) VALUES (259, 'scale wireless portals', 'Area rich sometimes area officer.', '2018-05-17', 139);
INSERT INTO Mission (mission_id, name, description, start_date, colony_id) VALUES (260, 'target leading-edge supply-chains', 'Brother change hotel most carry friend goal wide.', '2012-05-14', 75);
INSERT INTO Mission (mission_id, name, description, start_date, colony_id) VALUES (261, 're-intermediate customized info-mediaries', 'Listen all sound none seat compare senior.', '2023-07-08', 203);
INSERT INTO Mission (mission_id, name, description, start_date, colony_id) VALUES (262, 'iterate best-of-breed niches', 'Yard soon training space.', '2001-04-06', 49);
INSERT INTO Mission (mission_id, name, description, start_date, colony_id) VALUES (263, 'engineer scalable platforms', 'Design probably goal you.', '2008-12-02', 129);
INSERT INTO Mission (mission_id, name, description, start_date, colony_id) VALUES (264, 'brand front-end communities', 'Answer wonder speak choose true though add.', '2014-09-05', 94);
INSERT INTO Mission (mission_id, name, description, start_date, colony_id) VALUES (265, 'disintermediate magnetic interfaces', 'Southern southern upon floor.', '2015-05-23', 187);
INSERT INTO Mission (mission_id, name, description, start_date, colony_id) VALUES (266, 'transform innovative architectures', 'Idea organization itself structure.', '2010-07-24', 382);
INSERT INTO Mission (mission_id, name, description, start_date, colony_id) VALUES (267, 'harness intuitive mindshare', 'Oil buy firm investment.', '2021-04-11', 231);
INSERT INTO Mission (mission_id, name, description, start_date, colony_id) VALUES (268, 'repurpose sticky e-markets', 'Work anything spring.', '2023-01-25', 163);
INSERT INTO Mission (mission_id, name, description, start_date, colony_id) VALUES (269, 'mesh turn-key functionalities', 'My check growth for challenge.', '2015-03-19', 32);
INSERT INTO Mission (mission_id, name, description, start_date, colony_id) VALUES (270, 'syndicate synergistic communities', 'Recognize when why.', '2022-10-15', 286);
INSERT INTO Mission (mission_id, name, description, start_date, colony_id) VALUES (271, 'harness granular technologies', 'Carry need debate notice ready.', '2010-10-26', 11);
INSERT INTO Mission (mission_id, name, description, start_date, colony_id) VALUES (272, 'benchmark leading-edge e-business', 'Market case lawyer among member hundred.', '2020-11-03', 369);
INSERT INTO Mission (mission_id, name, description, start_date, colony_id) VALUES (273, 'reinvent mission-critical applications', 'Though collection kid inside.', '2000-03-03', 38);
INSERT INTO Mission (mission_id, name, description, start_date, colony_id) VALUES (274, 'leverage B2B interfaces', 'Follow prove meet two officer floor sure take.', '2008-07-18', 140);
INSERT INTO Mission (mission_id, name, description, start_date, colony_id) VALUES (275, 'morph one-to-one e-markets', 'Rate parent such inside character level population.', '2023-06-19', 323);
INSERT INTO Mission (mission_id, name, description, start_date, colony_id) VALUES (276, 'facilitate impactful mindshare', 'Yeah lose above hear day challenge.', '2008-04-26', 104);
INSERT INTO Mission (mission_id, name, description, start_date, colony_id) VALUES (277, 'innovate holistic e-commerce', 'Prove police left court language catch series.', '2009-08-22', 127);
INSERT INTO Mission (mission_id, name, description, start_date, colony_id) VALUES (278, 'deliver visionary schemas', 'Including activity edge these indeed fill.', '2009-11-29', 353);
INSERT INTO Mission (mission_id, name, description, start_date, colony_id) VALUES (279, 'exploit viral bandwidth', 'Talk without thus nearly.', '2013-06-11', 79);
INSERT INTO Mission (mission_id, name, description, start_date, colony_id) VALUES (280, 'repurpose cross-media users', 'International page painting herself less of.', '2009-07-03', 237);
INSERT INTO Mission (mission_id, name, description, start_date, colony_id) VALUES (281, 'repurpose world-class initiatives', 'Blood service eye green pattern subject believe prevent.', '2002-01-25', 6);
INSERT INTO Mission (mission_id, name, description, start_date, colony_id) VALUES (282, 'exploit user-centric paradigms', 'Book argue usually chance.', '2021-09-27', 270);
INSERT INTO Mission (mission_id, name, description, start_date, colony_id) VALUES (283, 'synthesize dynamic niches', 'Page perform baby politics first both.', '2019-05-09', 187);
INSERT INTO Mission (mission_id, name, description, start_date, colony_id) VALUES (284, 'brand 24/7 niches', 'Music seek federal dinner now simple million.', '2002-11-09', 311);
INSERT INTO Mission (mission_id, name, description, start_date, colony_id) VALUES (285, 'transition B2C e-services', 'Across bad cause its.', '2011-06-16', 300);
INSERT INTO Mission (mission_id, name, description, start_date, colony_id) VALUES (286, 'evolve compelling e-business', 'Opportunity offer onto very hope eat special.', '2021-04-16', 73);
INSERT INTO Mission (mission_id, name, description, start_date, colony_id) VALUES (287, 'streamline rich e-markets', 'Safe police check east of six image.', '2001-03-27', 107);
INSERT INTO Mission (mission_id, name, description, start_date, colony_id) VALUES (288, 'orchestrate vertical initiatives', 'Perform sister four production popular boy this.', '2017-02-14', 128);
INSERT INTO Mission (mission_id, name, description, start_date, colony_id) VALUES (289, 'strategize distributed networks', 'Vote go season north coach.', '2025-01-09', 383);
INSERT INTO Mission (mission_id, name, description, start_date, colony_id) VALUES (290, 'cultivate revolutionary metrics', 'Institution data onto mouth join game.', '2006-03-23', 144);
INSERT INTO Mission (mission_id, name, description, start_date, colony_id) VALUES (291, 'engage wireless e-tailers', 'See market of lay.', '2021-12-28', 363);
INSERT INTO Mission (mission_id, name, description, start_date, colony_id) VALUES (292, 'synergize strategic e-services', 'Beyond story wind college worker total.', '2014-04-08', 183);
INSERT INTO Mission (mission_id, name, description, start_date, colony_id) VALUES (293, 'syndicate value-added e-markets', 'Court table hope.', '2009-08-28', 297);
INSERT INTO Mission (mission_id, name, description, start_date, colony_id) VALUES (294, 'transform next-generation networks', 'Wish support participant watch leave.', '2017-09-08', 213);
INSERT INTO Mission (mission_id, name, description, start_date, colony_id) VALUES (295, 're-intermediate cross-platform communities', 'Edge quite girl matter movement.', '2015-03-07', 293);
INSERT INTO Mission (mission_id, name, description, start_date, colony_id) VALUES (296, 'incubate open-source bandwidth', 'Whose walk two class management.', '2021-08-20', 280);
INSERT INTO Mission (mission_id, name, description, start_date, colony_id) VALUES (297, 'harness cutting-edge info-mediaries', 'Other physical benefit two pull.', '2023-03-31', 302);
INSERT INTO Mission (mission_id, name, description, start_date, colony_id) VALUES (298, 'morph real-time infrastructures', 'Next subject piece.', '2009-03-29', 303);
INSERT INTO Mission (mission_id, name, description, start_date, colony_id) VALUES (299, 'synthesize 24/365 functionalities', 'Floor common recent do.', '2008-05-10', 298);
INSERT INTO Mission (mission_id, name, description, start_date, colony_id) VALUES (300, 'morph world-class vortals', 'Bag too green most ok friend no.', '2022-12-16', 321);
INSERT INTO Mission (mission_id, name, description, start_date, colony_id) VALUES (301, 're-contextualize innovative eyeballs', 'Skill call individual show south off door.', '2019-12-30', 320);
INSERT INTO Mission (mission_id, name, description, start_date, colony_id) VALUES (302, 'incubate vertical e-markets', 'Worry daughter man memory might.', '2023-09-29', 292);
INSERT INTO Mission (mission_id, name, description, start_date, colony_id) VALUES (303, 'enhance extensible supply-chains', 'Page difference card possible single give.', '2019-12-09', 24);
INSERT INTO Mission (mission_id, name, description, start_date, colony_id) VALUES (304, 'integrate extensible infrastructures', 'Dog situation could my.', '2007-04-27', 263);
INSERT INTO Mission (mission_id, name, description, start_date, colony_id) VALUES (305, 'harness compelling infrastructures', 'People local lay.', '2015-07-16', 135);
INSERT INTO Mission (mission_id, name, description, start_date, colony_id) VALUES (306, 'syndicate collaborative interfaces', 'Author talk class.', '2017-02-01', 267);
INSERT INTO Mission (mission_id, name, description, start_date, colony_id) VALUES (307, 'embrace collaborative solutions', 'Father check laugh short small.', '2010-01-27', 345);
INSERT INTO Mission (mission_id, name, description, start_date, colony_id) VALUES (308, 'evolve web-enabled models', 'Network five kitchen land.', '2017-03-31', 95);
INSERT INTO Mission (mission_id, name, description, start_date, colony_id) VALUES (309, 'orchestrate collaborative e-commerce', 'Anyone western reach produce institution.', '2017-12-04', 228);
INSERT INTO Mission (mission_id, name, description, start_date, colony_id) VALUES (310, 'monetize enterprise supply-chains', 'Meeting top reveal situation media hospital.', '2013-10-25', 171);
INSERT INTO Mission (mission_id, name, description, start_date, colony_id) VALUES (311, 'generate dot-com relationships', 'Also with candidate take interest degree.', '2007-01-31', 302);
INSERT INTO Mission (mission_id, name, description, start_date, colony_id) VALUES (312, 're-contextualize 24/7 mindshare', 'Assume mother operation statement chair discuss.', '2022-10-04', 387);
INSERT INTO Mission (mission_id, name, description, start_date, colony_id) VALUES (313, 'transition robust relationships', 'Home side until four.', '2013-08-01', 32);
INSERT INTO Mission (mission_id, name, description, start_date, colony_id) VALUES (314, 'mesh B2B e-services', 'Drop scene yourself possible raise tough born child.', '2004-05-19', 190);
INSERT INTO Mission (mission_id, name, description, start_date, colony_id) VALUES (315, 'leverage clicks-and-mortar web-readiness', 'Various sell audience own stay bit.', '2017-02-12', 146);
INSERT INTO Mission (mission_id, name, description, start_date, colony_id) VALUES (316, 'transition real-time web-readiness', 'Least pretty discussion movie.', '2002-06-02', 34);
INSERT INTO Mission (mission_id, name, description, start_date, colony_id) VALUES (317, 'orchestrate proactive e-tailers', 'Environmental clearly past history beat final discover they.', '2002-12-14', 142);
INSERT INTO Mission (mission_id, name, description, start_date, colony_id) VALUES (318, 'strategize dynamic e-markets', 'Ball industry you manager population coach experience future.', '2002-04-10', 305);
INSERT INTO Mission (mission_id, name, description, start_date, colony_id) VALUES (319, 'optimize cutting-edge e-business', 'Structure condition card standard doctor room.', '2019-10-21', 274);
INSERT INTO Mission (mission_id, name, description, start_date, colony_id) VALUES (320, 'target intuitive niches', 'Enjoy shake feel daughter manage myself concern.', '2010-04-30', 66);
INSERT INTO Mission (mission_id, name, description, start_date, colony_id) VALUES (321, 'transform scalable users', 'Event radio put home measure.', '2008-08-30', 19);
INSERT INTO Mission (mission_id, name, description, start_date, colony_id) VALUES (322, 'target efficient interfaces', 'Clear nice lay.', '2022-02-25', 342);
INSERT INTO Mission (mission_id, name, description, start_date, colony_id) VALUES (323, 'maximize 24/7 channels', 'Hour outside black television those.', '2003-08-23', 190);
INSERT INTO Mission (mission_id, name, description, start_date, colony_id) VALUES (324, 'implement efficient platforms', 'Choice particularly study what manager you reduce door.', '2015-03-04', 95);
INSERT INTO Mission (mission_id, name, description, start_date, colony_id) VALUES (325, 'matrix 24/7 web services', 'Firm conference billion personal support challenge.', '2023-07-14', 172);
INSERT INTO Mission (mission_id, name, description, start_date, colony_id) VALUES (326, 'visualize ubiquitous relationships', 'Race player last occur purpose age.', '2001-11-13', 209);
INSERT INTO Mission (mission_id, name, description, start_date, colony_id) VALUES (327, 'productize extensible deliverables', 'Professional summer politics father number father.', '2022-10-14', 297);
INSERT INTO Mission (mission_id, name, description, start_date, colony_id) VALUES (328, 'monetize dynamic relationships', 'Suffer relate talk scene.', '2024-04-02', 390);
INSERT INTO Mission (mission_id, name, description, start_date, colony_id) VALUES (329, 'mesh strategic communities', 'Beautiful husband together story back pull large.', '2015-10-03', 206);
INSERT INTO Mission (mission_id, name, description, start_date, colony_id) VALUES (330, 'harness plug-and-play web services', 'Push role meet team to table during customer.', '2004-09-25', 132);
INSERT INTO Mission (mission_id, name, description, start_date, colony_id) VALUES (331, 'deliver leading-edge eyeballs', 'Occur American wrong experience movement.', '2017-07-22', 219);
INSERT INTO Mission (mission_id, name, description, start_date, colony_id) VALUES (332, 'e-enable holistic supply-chains', 'Push onto development camera.', '2012-02-10', 220);
INSERT INTO Mission (mission_id, name, description, start_date, colony_id) VALUES (333, 'cultivate impactful markets', 'Order people decade.', '2021-06-11', 340);
INSERT INTO Mission (mission_id, name, description, start_date, colony_id) VALUES (334, 'redefine transparent networks', 'Allow find marriage page if.', '2018-06-02', 164);
INSERT INTO Mission (mission_id, name, description, start_date, colony_id) VALUES (335, 'optimize extensible portals', 'Name PM over receive.', '2018-01-19', 136);
INSERT INTO Mission (mission_id, name, description, start_date, colony_id) VALUES (336, 'deploy cross-media e-tailers', 'Fall ground month major.', '2009-01-16', 76);
INSERT INTO Mission (mission_id, name, description, start_date, colony_id) VALUES (337, 'strategize efficient architectures', 'Bed such yeah program hospital build.', '2006-07-07', 51);
INSERT INTO Mission (mission_id, name, description, start_date, colony_id) VALUES (338, 'matrix frictionless partnerships', 'She start what officer those cause laugh pick.', '2016-06-09', 252);
INSERT INTO Mission (mission_id, name, description, start_date, colony_id) VALUES (339, 'generate next-generation e-tailers', 'Front they indeed onto five.', '2014-11-11', 11);
INSERT INTO Mission (mission_id, name, description, start_date, colony_id) VALUES (340, 'enable ubiquitous models', 'Their those chance.', '2003-02-09', 187);
INSERT INTO Mission (mission_id, name, description, start_date, colony_id) VALUES (341, 'enhance visionary web services', 'Everybody yourself beat prove fear.', '2009-05-21', 157);
INSERT INTO Mission (mission_id, name, description, start_date, colony_id) VALUES (342, 'aggregate strategic schemas', 'Teacher coach perhaps song nothing happy popular.', '2013-04-07', 108);
INSERT INTO Mission (mission_id, name, description, start_date, colony_id) VALUES (343, 'envisioneer compelling platforms', 'Sometimes big question wish sure raise.', '2003-12-04', 4);
INSERT INTO Mission (mission_id, name, description, start_date, colony_id) VALUES (344, 'optimize intuitive partnerships', 'Into why know air.', '2022-10-03', 387);
INSERT INTO Mission (mission_id, name, description, start_date, colony_id) VALUES (345, 'e-enable clicks-and-mortar mindshare', 'Exactly environment class song minute end rest.', '2019-03-17', 134);
INSERT INTO Mission (mission_id, name, description, start_date, colony_id) VALUES (346, 'strategize user-centric architectures', 'Admit certain tax year conference but.', '2015-05-15', 188);
INSERT INTO Mission (mission_id, name, description, start_date, colony_id) VALUES (347, 'disintermediate end-to-end eyeballs', 'Actually need sort wind couple at performance.', '2024-01-14', 135);
INSERT INTO Mission (mission_id, name, description, start_date, colony_id) VALUES (348, 'facilitate impactful e-tailers', 'Fear success management require because.', '2017-06-14', 187);
INSERT INTO Mission (mission_id, name, description, start_date, colony_id) VALUES (349, 'incentivize magnetic content', 'Visit race next property American group.', '2017-09-26', 30);
INSERT INTO Mission (mission_id, name, description, start_date, colony_id) VALUES (350, 'iterate proactive networks', 'Recognize great agree reveal citizen.', '2001-12-09', 1);
INSERT INTO Mission (mission_id, name, description, start_date, colony_id) VALUES (351, 'redefine clicks-and-mortar e-commerce', 'Case action between add student product party father.', '2024-10-27', 85);
INSERT INTO Mission (mission_id, name, description, start_date, colony_id) VALUES (352, 'embrace web-enabled e-markets', 'Not everybody dark action.', '2024-01-01', 24);
INSERT INTO Mission (mission_id, name, description, start_date, colony_id) VALUES (353, 're-intermediate value-added vortals', 'Pick national catch student past even school until.', '2023-04-21', 205);
INSERT INTO Mission (mission_id, name, description, start_date, colony_id) VALUES (354, 'unleash collaborative markets', 'Item stay policy first word.', '2012-12-16', 194);
INSERT INTO Mission (mission_id, name, description, start_date, colony_id) VALUES (355, 'transition open-source networks', 'Possible green product second fish forward.', '2013-07-30', 175);
INSERT INTO Mission (mission_id, name, description, start_date, colony_id) VALUES (356, 'embrace dynamic channels', 'Democrat with hear behavior project when.', '2023-06-19', 211);
INSERT INTO Mission (mission_id, name, description, start_date, colony_id) VALUES (357, 'mesh intuitive e-business', 'Town place look.', '2019-02-22', 181);
INSERT INTO Mission (mission_id, name, description, start_date, colony_id) VALUES (358, 'engineer collaborative infrastructures', 'Pass support suggest here recently.', '2013-12-19', 150);
INSERT INTO Mission (mission_id, name, description, start_date, colony_id) VALUES (359, 'transition granular bandwidth', 'Entire best time letter husband reflect.', '2011-09-30', 337);
INSERT INTO Mission (mission_id, name, description, start_date, colony_id) VALUES (360, 'visualize collaborative solutions', 'Themselves accept reveal agency pass meeting.', '2018-07-06', 208);
INSERT INTO Mission (mission_id, name, description, start_date, colony_id) VALUES (361, 'envisioneer mission-critical architectures', 'Sound once themselves also.', '2004-05-22', 134);
INSERT INTO Mission (mission_id, name, description, start_date, colony_id) VALUES (362, 'mesh extensible web services', 'Help technology head discover.', '2015-04-21', 15);
INSERT INTO Mission (mission_id, name, description, start_date, colony_id) VALUES (363, 'deploy plug-and-play networks', 'Tax hotel she before with nor response.', '2021-07-03', 233);
INSERT INTO Mission (mission_id, name, description, start_date, colony_id) VALUES (364, 'streamline leading-edge solutions', 'Reveal learn positive bank performance long.', '2001-11-27', 33);
INSERT INTO Mission (mission_id, name, description, start_date, colony_id) VALUES (365, 'optimize ubiquitous experiences', 'Success Congress model station go memory these.', '2003-10-16', 371);
INSERT INTO Mission (mission_id, name, description, start_date, colony_id) VALUES (366, 'engage sticky paradigms', 'Bag yes home necessary.', '2011-11-28', 369);
INSERT INTO Mission (mission_id, name, description, start_date, colony_id) VALUES (367, 'exploit compelling e-business', 'Could hundred past push usually none hair material.', '2015-09-27', 15);
INSERT INTO Mission (mission_id, name, description, start_date, colony_id) VALUES (368, 'unleash vertical e-services', 'Fall yet movement century store billion daughter.', '2005-07-19', 32);
INSERT INTO Mission (mission_id, name, description, start_date, colony_id) VALUES (369, 'integrate sticky vortals', 'Right remember stay not anything.', '2023-01-14', 25);
INSERT INTO Mission (mission_id, name, description, start_date, colony_id) VALUES (370, 'target rich eyeballs', 'Wide five might wife fly professor.', '2011-11-06', 373);
INSERT INTO Mission (mission_id, name, description, start_date, colony_id) VALUES (371, 'exploit wireless synergies', 'Tonight live act stage drop moment story.', '2007-07-01', 42);
INSERT INTO Mission (mission_id, name, description, start_date, colony_id) VALUES (372, 'utilize end-to-end solutions', 'Couple your agent stage black whether dark.', '2021-10-05', 286);
INSERT INTO Mission (mission_id, name, description, start_date, colony_id) VALUES (373, 'leverage rich ROI', 'Billion protect explain wear break reveal.', '2017-10-07', 11);
INSERT INTO Mission (mission_id, name, description, start_date, colony_id) VALUES (374, 'e-enable holistic channels', 'Dog red season hit bed interview.', '2001-08-23', 201);
INSERT INTO Mission (mission_id, name, description, start_date, colony_id) VALUES (375, 'facilitate clicks-and-mortar networks', 'Individual green improve worker return home finally.', '2024-09-02', 321);
INSERT INTO Mission (mission_id, name, description, start_date, colony_id) VALUES (376, 'utilize world-class initiatives', 'Hundred later write support of.', '2004-08-13', 295);
INSERT INTO Mission (mission_id, name, description, start_date, colony_id) VALUES (377, 'exploit collaborative methodologies', 'Structure over effort stuff.', '2002-01-29', 398);
INSERT INTO Mission (mission_id, name, description, start_date, colony_id) VALUES (378, 'matrix vertical e-business', 'Try opportunity own care property experience.', '2005-11-26', 20);
INSERT INTO Mission (mission_id, name, description, start_date, colony_id) VALUES (379, 'scale integrated systems', 'Likely nothing ability training.', '2013-08-09', 292);
INSERT INTO Mission (mission_id, name, description, start_date, colony_id) VALUES (380, 'seize bricks-and-clicks technologies', 'Voice new late ten however.', '2008-11-13', 179);
INSERT INTO Mission (mission_id, name, description, start_date, colony_id) VALUES (381, 'drive one-to-one architectures', 'Interview hold strategy third beautiful rise wind trouble.', '2023-04-10', 118);
INSERT INTO Mission (mission_id, name, description, start_date, colony_id) VALUES (382, 'architect one-to-one metrics', 'Thus including do article main.', '2014-11-17', 346);
INSERT INTO Mission (mission_id, name, description, start_date, colony_id) VALUES (383, 'maximize revolutionary e-markets', 'Price especially go quickly.', '2015-07-04', 124);
INSERT INTO Mission (mission_id, name, description, start_date, colony_id) VALUES (384, 'deploy efficient architectures', 'Book Mrs shake opportunity fight writer.', '2017-04-14', 335);
INSERT INTO Mission (mission_id, name, description, start_date, colony_id) VALUES (385, 'extend cross-media e-commerce', 'Little world visit although carry city up.', '2007-10-22', 181);
INSERT INTO Mission (mission_id, name, description, start_date, colony_id) VALUES (386, 'innovate web-enabled metrics', 'Decision white possible carry public rock.', '2007-02-09', 387);
INSERT INTO Mission (mission_id, name, description, start_date, colony_id) VALUES (387, 'benchmark frictionless functionalities', 'Bit chance learn decade think detail partner capital.', '2023-12-19', 120);
INSERT INTO Mission (mission_id, name, description, start_date, colony_id) VALUES (388, 'incentivize wireless models', 'Already to recent capital to discussion.', '2022-01-01', 381);
INSERT INTO Mission (mission_id, name, description, start_date, colony_id) VALUES (389, 'integrate best-of-breed metrics', 'Letter experience then media free particularly response.', '2009-05-01', 156);
INSERT INTO Mission (mission_id, name, description, start_date, colony_id) VALUES (390, 'monetize web-enabled users', 'List catch board approach cause they paper.', '2014-04-11', 56);
INSERT INTO Mission (mission_id, name, description, start_date, colony_id) VALUES (391, 'exploit wireless interfaces', 'Environmental successful example professor.', '2014-10-20', 155);
INSERT INTO Mission (mission_id, name, description, start_date, colony_id) VALUES (392, 'incubate proactive mindshare', 'Off agree stand together.', '2006-01-09', 45);
INSERT INTO Mission (mission_id, name, description, start_date, colony_id) VALUES (393, 'exploit B2B web-readiness', 'List fight trouble event your suddenly.', '2016-08-12', 26);
INSERT INTO Mission (mission_id, name, description, start_date, colony_id) VALUES (394, 'empower back-end e-tailers', 'Every foot exactly.', '2003-01-05', 68);
INSERT INTO Mission (mission_id, name, description, start_date, colony_id) VALUES (395, 'synthesize intuitive schemas', 'Message single learn teach moment purpose reason leave.', '2023-01-29', 206);
INSERT INTO Mission (mission_id, name, description, start_date, colony_id) VALUES (396, 'synergize visionary eyeballs', 'Conference prevent my seat last.', '2020-05-04', 108);
INSERT INTO Mission (mission_id, name, description, start_date, colony_id) VALUES (397, 'drive B2B partnerships', 'Increase million stock property chance husband learn.', '2013-11-19', 243);
INSERT INTO Mission (mission_id, name, description, start_date, colony_id) VALUES (398, 'innovate magnetic deliverables', 'Yeah artist care find.', '2009-04-06', 23);
INSERT INTO Mission (mission_id, name, description, start_date, colony_id) VALUES (399, 'reinvent end-to-end networks', 'From from occur sea.', '2012-12-28', 132);
INSERT INTO Mission (mission_id, name, description, start_date, colony_id) VALUES (400, 'leverage collaborative e-business', 'Behind heart find under add.', '2004-07-25', 235);
INSERT INTO Equipment (equipment_id, name, purchase_date) VALUES (1, 'pull', '2017-01-09');
INSERT INTO Equipment (equipment_id, name, purchase_date) VALUES (2, 'top', '2020-08-21');
INSERT INTO Equipment (equipment_id, name, purchase_date) VALUES (3, 'position', '2008-08-23');
INSERT INTO Equipment (equipment_id, name, purchase_date) VALUES (4, 'public', '2011-06-04');
INSERT INTO Equipment (equipment_id, name, purchase_date) VALUES (5, 'several', '2004-08-26');
INSERT INTO Equipment (equipment_id, name, purchase_date) VALUES (6, 'seem', '2018-07-10');
INSERT INTO Equipment (equipment_id, name, purchase_date) VALUES (7, 'writer', '2007-08-12');
INSERT INTO Equipment (equipment_id, name, purchase_date) VALUES (8, 'learn', '2019-12-30');
INSERT INTO Equipment (equipment_id, name, purchase_date) VALUES (9, 'man', '2003-05-07');
INSERT INTO Equipment (equipment_id, name, purchase_date) VALUES (10, 'couple', '2009-10-04');
INSERT INTO Equipment (equipment_id, name, purchase_date) VALUES (11, 'member', '2013-03-03');
INSERT INTO Equipment (equipment_id, name, purchase_date) VALUES (12, 'catch', '2020-09-30');
INSERT INTO Equipment (equipment_id, name, purchase_date) VALUES (13, 'enjoy', '2013-06-26');
INSERT INTO Equipment (equipment_id, name, purchase_date) VALUES (14, 'plant', '2007-06-11');
INSERT INTO Equipment (equipment_id, name, purchase_date) VALUES (15, 'a', '2007-04-20');
INSERT INTO Equipment (equipment_id, name, purchase_date) VALUES (16, 'boy', '2021-11-30');
INSERT INTO Equipment (equipment_id, name, purchase_date) VALUES (17, 'last', '2004-10-12');
INSERT INTO Equipment (equipment_id, name, purchase_date) VALUES (18, 'agency', '2018-02-17');
INSERT INTO Equipment (equipment_id, name, purchase_date) VALUES (19, 'water', '2013-04-11');
INSERT INTO Equipment (equipment_id, name, purchase_date) VALUES (20, 'none', '2017-08-28');
INSERT INTO Equipment (equipment_id, name, purchase_date) VALUES (21, 'team', '2022-05-05');
INSERT INTO Equipment (equipment_id, name, purchase_date) VALUES (22, 'report', '2015-07-29');
INSERT INTO Equipment (equipment_id, name, purchase_date) VALUES (23, 'difficult', '2005-12-30');
INSERT INTO Equipment (equipment_id, name, purchase_date) VALUES (24, 'population', '2000-03-31');
INSERT INTO Equipment (equipment_id, name, purchase_date) VALUES (25, 'whatever', '2025-03-06');
INSERT INTO Equipment (equipment_id, name, purchase_date) VALUES (26, 'blue', '2010-08-11');
INSERT INTO Equipment (equipment_id, name, purchase_date) VALUES (27, 'stage', '2002-03-20');
INSERT INTO Equipment (equipment_id, name, purchase_date) VALUES (28, 'gun', '2022-10-13');
INSERT INTO Equipment (equipment_id, name, purchase_date) VALUES (29, 'enter', '2010-12-12');
INSERT INTO Equipment (equipment_id, name, purchase_date) VALUES (30, 'dinner', '2014-03-21');
INSERT INTO Equipment (equipment_id, name, purchase_date) VALUES (31, 'seem', '2023-11-05');
INSERT INTO Equipment (equipment_id, name, purchase_date) VALUES (32, 'exist', '2002-05-06');
INSERT INTO Equipment (equipment_id, name, purchase_date) VALUES (33, 'record', '2011-07-03');
INSERT INTO Equipment (equipment_id, name, purchase_date) VALUES (34, 'you', '2010-10-30');
INSERT INTO Equipment (equipment_id, name, purchase_date) VALUES (35, 'unit', '2017-05-28');
INSERT INTO Equipment (equipment_id, name, purchase_date) VALUES (36, 'democratic', '2021-06-06');
INSERT INTO Equipment (equipment_id, name, purchase_date) VALUES (37, 'near', '2024-06-21');
INSERT INTO Equipment (equipment_id, name, purchase_date) VALUES (38, 'green', '2010-12-19');
INSERT INTO Equipment (equipment_id, name, purchase_date) VALUES (39, 'join', '2023-01-28');
INSERT INTO Equipment (equipment_id, name, purchase_date) VALUES (40, 'ready', '2012-10-17');
INSERT INTO Equipment (equipment_id, name, purchase_date) VALUES (41, 'level', '2018-03-07');
INSERT INTO Equipment (equipment_id, name, purchase_date) VALUES (42, 'indeed', '2013-09-28');
INSERT INTO Equipment (equipment_id, name, purchase_date) VALUES (43, 'kitchen', '2024-11-16');
INSERT INTO Equipment (equipment_id, name, purchase_date) VALUES (44, 'company', '2006-05-25');
INSERT INTO Equipment (equipment_id, name, purchase_date) VALUES (45, 'would', '2020-12-09');
INSERT INTO Equipment (equipment_id, name, purchase_date) VALUES (46, 'officer', '2003-06-04');
INSERT INTO Equipment (equipment_id, name, purchase_date) VALUES (47, 'reduce', '2019-11-03');
INSERT INTO Equipment (equipment_id, name, purchase_date) VALUES (48, 'unit', '2015-07-03');
INSERT INTO Equipment (equipment_id, name, purchase_date) VALUES (49, 'rise', '2023-11-01');
INSERT INTO Equipment (equipment_id, name, purchase_date) VALUES (50, 'nation', '2000-11-02');
INSERT INTO Equipment (equipment_id, name, purchase_date) VALUES (51, 'message', '2010-08-17');
INSERT INTO Equipment (equipment_id, name, purchase_date) VALUES (52, 'trip', '2008-11-04');
INSERT INTO Equipment (equipment_id, name, purchase_date) VALUES (53, 'become', '2023-08-19');
INSERT INTO Equipment (equipment_id, name, purchase_date) VALUES (54, 'his', '2006-03-24');
INSERT INTO Equipment (equipment_id, name, purchase_date) VALUES (55, 'item', '2012-10-07');
INSERT INTO Equipment (equipment_id, name, purchase_date) VALUES (56, 'foot', '2003-12-24');
INSERT INTO Equipment (equipment_id, name, purchase_date) VALUES (57, 'sure', '2009-12-13');
INSERT INTO Equipment (equipment_id, name, purchase_date) VALUES (58, 'situation', '2001-07-22');
INSERT INTO Equipment (equipment_id, name, purchase_date) VALUES (59, 'audience', '2004-10-11');
INSERT INTO Equipment (equipment_id, name, purchase_date) VALUES (60, 'cold', '2005-01-17');
INSERT INTO Equipment (equipment_id, name, purchase_date) VALUES (61, 'contain', '2004-05-17');
INSERT INTO Equipment (equipment_id, name, purchase_date) VALUES (62, 'compare', '2014-02-04');
INSERT INTO Equipment (equipment_id, name, purchase_date) VALUES (63, 'this', '2024-06-09');
INSERT INTO Equipment (equipment_id, name, purchase_date) VALUES (64, 'reality', '2015-03-02');
INSERT INTO Equipment (equipment_id, name, purchase_date) VALUES (65, 'deep', '2002-04-08');
INSERT INTO Equipment (equipment_id, name, purchase_date) VALUES (66, 'case', '2005-06-28');
INSERT INTO Equipment (equipment_id, name, purchase_date) VALUES (67, 'well', '2008-03-11');
INSERT INTO Equipment (equipment_id, name, purchase_date) VALUES (68, 'him', '2022-02-02');
INSERT INTO Equipment (equipment_id, name, purchase_date) VALUES (69, 'although', '2002-04-17');
INSERT INTO Equipment (equipment_id, name, purchase_date) VALUES (70, 'me', '2007-07-28');
INSERT INTO Equipment (equipment_id, name, purchase_date) VALUES (71, 'for', '2023-07-08');
INSERT INTO Equipment (equipment_id, name, purchase_date) VALUES (72, 'decide', '2014-05-22');
INSERT INTO Equipment (equipment_id, name, purchase_date) VALUES (73, 'decision', '2019-12-13');
INSERT INTO Equipment (equipment_id, name, purchase_date) VALUES (74, 'card', '2024-01-21');
INSERT INTO Equipment (equipment_id, name, purchase_date) VALUES (75, 'public', '2002-07-02');
INSERT INTO Equipment (equipment_id, name, purchase_date) VALUES (76, 'when', '2009-09-09');
INSERT INTO Equipment (equipment_id, name, purchase_date) VALUES (77, 'question', '2013-06-22');
INSERT INTO Equipment (equipment_id, name, purchase_date) VALUES (78, 'onto', '2024-06-24');
INSERT INTO Equipment (equipment_id, name, purchase_date) VALUES (79, 'law', '2019-08-18');
INSERT INTO Equipment (equipment_id, name, purchase_date) VALUES (80, 'never', '2005-03-05');
INSERT INTO Equipment (equipment_id, name, purchase_date) VALUES (81, 'successful', '2024-11-29');
INSERT INTO Equipment (equipment_id, name, purchase_date) VALUES (82, 'people', '2012-03-15');
INSERT INTO Equipment (equipment_id, name, purchase_date) VALUES (83, 'only', '2017-07-23');
INSERT INTO Equipment (equipment_id, name, purchase_date) VALUES (84, 'technology', '2010-02-27');
INSERT INTO Equipment (equipment_id, name, purchase_date) VALUES (85, 'material', '2012-06-03');
INSERT INTO Equipment (equipment_id, name, purchase_date) VALUES (86, 'less', '2013-05-30');
INSERT INTO Equipment (equipment_id, name, purchase_date) VALUES (87, 'think', '2002-10-21');
INSERT INTO Equipment (equipment_id, name, purchase_date) VALUES (88, 'them', '2006-04-18');
INSERT INTO Equipment (equipment_id, name, purchase_date) VALUES (89, 'popular', '2000-03-29');
INSERT INTO Equipment (equipment_id, name, purchase_date) VALUES (90, 'other', '2009-03-06');
INSERT INTO Equipment (equipment_id, name, purchase_date) VALUES (91, 'appear', '2010-05-02');
INSERT INTO Equipment (equipment_id, name, purchase_date) VALUES (92, 'can', '2006-06-07');
INSERT INTO Equipment (equipment_id, name, purchase_date) VALUES (93, 'out', '2005-10-02');
INSERT INTO Equipment (equipment_id, name, purchase_date) VALUES (94, 'military', '2018-02-06');
INSERT INTO Equipment (equipment_id, name, purchase_date) VALUES (95, 'result', '2020-03-27');
INSERT INTO Equipment (equipment_id, name, purchase_date) VALUES (96, 'report', '2014-06-10');
INSERT INTO Equipment (equipment_id, name, purchase_date) VALUES (97, 'value', '2006-10-29');
INSERT INTO Equipment (equipment_id, name, purchase_date) VALUES (98, 'outside', '2024-05-28');
INSERT INTO Equipment (equipment_id, name, purchase_date) VALUES (99, 'floor', '2022-10-16');
INSERT INTO Equipment (equipment_id, name, purchase_date) VALUES (100, 'cell', '2012-06-14');
INSERT INTO Equipment (equipment_id, name, purchase_date) VALUES (101, 'upon', '2012-08-11');
INSERT INTO Equipment (equipment_id, name, purchase_date) VALUES (102, 'heart', '2002-02-22');
INSERT INTO Equipment (equipment_id, name, purchase_date) VALUES (103, 'room', '2000-01-17');
INSERT INTO Equipment (equipment_id, name, purchase_date) VALUES (104, 'large', '2003-01-05');
INSERT INTO Equipment (equipment_id, name, purchase_date) VALUES (105, 'weight', '2019-01-10');
INSERT INTO Equipment (equipment_id, name, purchase_date) VALUES (106, 'your', '2010-02-23');
INSERT INTO Equipment (equipment_id, name, purchase_date) VALUES (107, 'adult', '2000-08-08');
INSERT INTO Equipment (equipment_id, name, purchase_date) VALUES (108, 'western', '2001-02-07');
INSERT INTO Equipment (equipment_id, name, purchase_date) VALUES (109, 'current', '2001-10-30');
INSERT INTO Equipment (equipment_id, name, purchase_date) VALUES (110, 'what', '2009-01-29');
INSERT INTO Equipment (equipment_id, name, purchase_date) VALUES (111, 'quality', '2005-04-18');
INSERT INTO Equipment (equipment_id, name, purchase_date) VALUES (112, 'education', '2022-07-18');
INSERT INTO Equipment (equipment_id, name, purchase_date) VALUES (113, 'such', '2012-03-03');
INSERT INTO Equipment (equipment_id, name, purchase_date) VALUES (114, 'would', '2017-08-30');
INSERT INTO Equipment (equipment_id, name, purchase_date) VALUES (115, 'fast', '2008-08-08');
INSERT INTO Equipment (equipment_id, name, purchase_date) VALUES (116, 'Democrat', '2000-04-11');
INSERT INTO Equipment (equipment_id, name, purchase_date) VALUES (117, 'become', '2023-07-22');
INSERT INTO Equipment (equipment_id, name, purchase_date) VALUES (118, 'window', '2017-04-30');
INSERT INTO Equipment (equipment_id, name, purchase_date) VALUES (119, 'language', '2000-12-30');
INSERT INTO Equipment (equipment_id, name, purchase_date) VALUES (120, 'tell', '2000-06-14');
INSERT INTO Equipment (equipment_id, name, purchase_date) VALUES (121, 'maybe', '2020-08-04');
INSERT INTO Equipment (equipment_id, name, purchase_date) VALUES (122, 'bag', '2013-12-08');
INSERT INTO Equipment (equipment_id, name, purchase_date) VALUES (123, 'career', '2020-04-09');
INSERT INTO Equipment (equipment_id, name, purchase_date) VALUES (124, 'summer', '2021-03-04');
INSERT INTO Equipment (equipment_id, name, purchase_date) VALUES (125, 'consider', '2000-12-31');
INSERT INTO Equipment (equipment_id, name, purchase_date) VALUES (126, 'others', '2015-08-29');
INSERT INTO Equipment (equipment_id, name, purchase_date) VALUES (127, 'most', '2003-03-06');
INSERT INTO Equipment (equipment_id, name, purchase_date) VALUES (128, 'together', '2011-09-16');
INSERT INTO Equipment (equipment_id, name, purchase_date) VALUES (129, 'increase', '2018-02-05');
INSERT INTO Equipment (equipment_id, name, purchase_date) VALUES (130, 'necessary', '2015-06-17');
INSERT INTO Equipment (equipment_id, name, purchase_date) VALUES (131, 'reduce', '2015-09-01');
INSERT INTO Equipment (equipment_id, name, purchase_date) VALUES (132, 'big', '2000-03-25');
INSERT INTO Equipment (equipment_id, name, purchase_date) VALUES (133, 'big', '2015-04-16');
INSERT INTO Equipment (equipment_id, name, purchase_date) VALUES (134, 'against', '2001-08-16');
INSERT INTO Equipment (equipment_id, name, purchase_date) VALUES (135, 'artist', '2015-10-07');
INSERT INTO Equipment (equipment_id, name, purchase_date) VALUES (136, 'leader', '2001-12-22');
INSERT INTO Equipment (equipment_id, name, purchase_date) VALUES (137, 'analysis', '2011-09-10');
INSERT INTO Equipment (equipment_id, name, purchase_date) VALUES (138, 'type', '2022-09-03');
INSERT INTO Equipment (equipment_id, name, purchase_date) VALUES (139, 'board', '2013-03-07');
INSERT INTO Equipment (equipment_id, name, purchase_date) VALUES (140, 'trial', '2015-03-01');
INSERT INTO Equipment (equipment_id, name, purchase_date) VALUES (141, 'piece', '2014-08-09');
INSERT INTO Equipment (equipment_id, name, purchase_date) VALUES (142, 'window', '2024-08-13');
INSERT INTO Equipment (equipment_id, name, purchase_date) VALUES (143, 'leg', '2005-03-30');
INSERT INTO Equipment (equipment_id, name, purchase_date) VALUES (144, 'wish', '2007-10-11');
INSERT INTO Equipment (equipment_id, name, purchase_date) VALUES (145, 'available', '2015-10-06');
INSERT INTO Equipment (equipment_id, name, purchase_date) VALUES (146, 'other', '2021-11-10');
INSERT INTO Equipment (equipment_id, name, purchase_date) VALUES (147, 'morning', '2024-03-17');
INSERT INTO Equipment (equipment_id, name, purchase_date) VALUES (148, 'fly', '2000-01-18');
INSERT INTO Equipment (equipment_id, name, purchase_date) VALUES (149, 'American', '2006-12-26');
INSERT INTO Equipment (equipment_id, name, purchase_date) VALUES (150, 'provide', '2000-02-29');
INSERT INTO Equipment (equipment_id, name, purchase_date) VALUES (151, 'just', '2009-04-24');
INSERT INTO Equipment (equipment_id, name, purchase_date) VALUES (152, 'challenge', '2014-07-27');
INSERT INTO Equipment (equipment_id, name, purchase_date) VALUES (153, 'be', '2024-08-05');
INSERT INTO Equipment (equipment_id, name, purchase_date) VALUES (154, 'design', '2006-07-01');
INSERT INTO Equipment (equipment_id, name, purchase_date) VALUES (155, 'provide', '2006-12-01');
INSERT INTO Equipment (equipment_id, name, purchase_date) VALUES (156, 'idea', '2021-06-10');
INSERT INTO Equipment (equipment_id, name, purchase_date) VALUES (157, 'alone', '2025-03-05');
INSERT INTO Equipment (equipment_id, name, purchase_date) VALUES (158, 'cost', '2021-06-05');
INSERT INTO Equipment (equipment_id, name, purchase_date) VALUES (159, 'include', '2010-01-21');
INSERT INTO Equipment (equipment_id, name, purchase_date) VALUES (160, 'thank', '2024-02-22');
INSERT INTO Equipment (equipment_id, name, purchase_date) VALUES (161, 'class', '2002-08-25');
INSERT INTO Equipment (equipment_id, name, purchase_date) VALUES (162, 'camera', '2004-01-28');
INSERT INTO Equipment (equipment_id, name, purchase_date) VALUES (163, 'rich', '2015-10-02');
INSERT INTO Equipment (equipment_id, name, purchase_date) VALUES (164, 'wide', '2024-01-16');
INSERT INTO Equipment (equipment_id, name, purchase_date) VALUES (165, 'and', '2009-04-30');
INSERT INTO Equipment (equipment_id, name, purchase_date) VALUES (166, 'different', '2009-03-12');
INSERT INTO Equipment (equipment_id, name, purchase_date) VALUES (167, 'involve', '2004-06-18');
INSERT INTO Equipment (equipment_id, name, purchase_date) VALUES (168, 'yet', '2004-09-24');
INSERT INTO Equipment (equipment_id, name, purchase_date) VALUES (169, 'condition', '2017-10-09');
INSERT INTO Equipment (equipment_id, name, purchase_date) VALUES (170, 'better', '2020-11-06');
INSERT INTO Equipment (equipment_id, name, purchase_date) VALUES (171, 'anyone', '2005-07-05');
INSERT INTO Equipment (equipment_id, name, purchase_date) VALUES (172, 'car', '2016-04-17');
INSERT INTO Equipment (equipment_id, name, purchase_date) VALUES (173, 'will', '2001-09-28');
INSERT INTO Equipment (equipment_id, name, purchase_date) VALUES (174, 'school', '2007-08-26');
INSERT INTO Equipment (equipment_id, name, purchase_date) VALUES (175, 'fear', '2020-04-11');
INSERT INTO Equipment (equipment_id, name, purchase_date) VALUES (176, 'see', '2000-06-13');
INSERT INTO Equipment (equipment_id, name, purchase_date) VALUES (177, 'reduce', '2001-06-09');
INSERT INTO Equipment (equipment_id, name, purchase_date) VALUES (178, 'discover', '2013-03-01');
INSERT INTO Equipment (equipment_id, name, purchase_date) VALUES (179, 'research', '2019-07-13');
INSERT INTO Equipment (equipment_id, name, purchase_date) VALUES (180, 'character', '2012-11-05');
INSERT INTO Equipment (equipment_id, name, purchase_date) VALUES (181, 'movie', '2019-08-07');
INSERT INTO Equipment (equipment_id, name, purchase_date) VALUES (182, 'reason', '2013-11-22');
INSERT INTO Equipment (equipment_id, name, purchase_date) VALUES (183, 'visit', '2019-08-28');
INSERT INTO Equipment (equipment_id, name, purchase_date) VALUES (184, 'any', '2016-04-17');
INSERT INTO Equipment (equipment_id, name, purchase_date) VALUES (185, 'red', '2011-09-07');
INSERT INTO Equipment (equipment_id, name, purchase_date) VALUES (186, 'result', '2003-01-29');
INSERT INTO Equipment (equipment_id, name, purchase_date) VALUES (187, 'president', '2015-07-02');
INSERT INTO Equipment (equipment_id, name, purchase_date) VALUES (188, 'risk', '2012-01-09');
INSERT INTO Equipment (equipment_id, name, purchase_date) VALUES (189, 'exactly', '2022-05-23');
INSERT INTO Equipment (equipment_id, name, purchase_date) VALUES (190, 'six', '2018-08-19');
INSERT INTO Equipment (equipment_id, name, purchase_date) VALUES (191, 'role', '2009-04-11');
INSERT INTO Equipment (equipment_id, name, purchase_date) VALUES (192, 'gun', '2023-11-17');
INSERT INTO Equipment (equipment_id, name, purchase_date) VALUES (193, 'lay', '2022-07-19');
INSERT INTO Equipment (equipment_id, name, purchase_date) VALUES (194, 'action', '2006-11-23');
INSERT INTO Equipment (equipment_id, name, purchase_date) VALUES (195, 'every', '2017-07-02');
INSERT INTO Equipment (equipment_id, name, purchase_date) VALUES (196, 'thousand', '2023-06-08');
INSERT INTO Equipment (equipment_id, name, purchase_date) VALUES (197, 'throw', '2009-01-06');
INSERT INTO Equipment (equipment_id, name, purchase_date) VALUES (198, 'however', '2004-12-01');
INSERT INTO Equipment (equipment_id, name, purchase_date) VALUES (199, 'get', '2010-07-14');
INSERT INTO Equipment (equipment_id, name, purchase_date) VALUES (200, 'one', '2006-05-22');
INSERT INTO Equipment (equipment_id, name, purchase_date) VALUES (201, 'rule', '2016-12-15');
INSERT INTO Equipment (equipment_id, name, purchase_date) VALUES (202, 'position', '2017-11-24');
INSERT INTO Equipment (equipment_id, name, purchase_date) VALUES (203, 'board', '2012-09-02');
INSERT INTO Equipment (equipment_id, name, purchase_date) VALUES (204, 'government', '2016-05-25');
INSERT INTO Equipment (equipment_id, name, purchase_date) VALUES (205, 'my', '2000-06-13');
INSERT INTO Equipment (equipment_id, name, purchase_date) VALUES (206, 'party', '2006-12-22');
INSERT INTO Equipment (equipment_id, name, purchase_date) VALUES (207, 'society', '2020-06-16');
INSERT INTO Equipment (equipment_id, name, purchase_date) VALUES (208, 'either', '2004-09-17');
INSERT INTO Equipment (equipment_id, name, purchase_date) VALUES (209, 'check', '2009-10-17');
INSERT INTO Equipment (equipment_id, name, purchase_date) VALUES (210, 'then', '2010-08-07');
INSERT INTO Equipment (equipment_id, name, purchase_date) VALUES (211, 'society', '2002-12-20');
INSERT INTO Equipment (equipment_id, name, purchase_date) VALUES (212, 'see', '2017-01-07');
INSERT INTO Equipment (equipment_id, name, purchase_date) VALUES (213, 'get', '2000-08-06');
INSERT INTO Equipment (equipment_id, name, purchase_date) VALUES (214, 'imagine', '2009-05-03');
INSERT INTO Equipment (equipment_id, name, purchase_date) VALUES (215, 'still', '2013-01-12');
INSERT INTO Equipment (equipment_id, name, purchase_date) VALUES (216, 'somebody', '2008-08-06');
INSERT INTO Equipment (equipment_id, name, purchase_date) VALUES (217, 'actually', '2020-09-24');
INSERT INTO Equipment (equipment_id, name, purchase_date) VALUES (218, 'fear', '2020-07-19');
INSERT INTO Equipment (equipment_id, name, purchase_date) VALUES (219, 'another', '2014-02-22');
INSERT INTO Equipment (equipment_id, name, purchase_date) VALUES (220, 'must', '2014-01-19');
INSERT INTO Equipment (equipment_id, name, purchase_date) VALUES (221, 'position', '2009-02-01');
INSERT INTO Equipment (equipment_id, name, purchase_date) VALUES (222, 'become', '2005-10-14');
INSERT INTO Equipment (equipment_id, name, purchase_date) VALUES (223, 'new', '2008-05-07');
INSERT INTO Equipment (equipment_id, name, purchase_date) VALUES (224, 'professional', '2008-04-18');
INSERT INTO Equipment (equipment_id, name, purchase_date) VALUES (225, 'while', '2007-05-29');
INSERT INTO Equipment (equipment_id, name, purchase_date) VALUES (226, 'attorney', '2007-07-29');
INSERT INTO Equipment (equipment_id, name, purchase_date) VALUES (227, 'notice', '2009-11-12');
INSERT INTO Equipment (equipment_id, name, purchase_date) VALUES (228, 'try', '2003-04-13');
INSERT INTO Equipment (equipment_id, name, purchase_date) VALUES (229, 'building', '2004-10-27');
INSERT INTO Equipment (equipment_id, name, purchase_date) VALUES (230, 'whom', '2007-04-09');
INSERT INTO Equipment (equipment_id, name, purchase_date) VALUES (231, 'piece', '2015-12-19');
INSERT INTO Equipment (equipment_id, name, purchase_date) VALUES (232, 'build', '2009-07-04');
INSERT INTO Equipment (equipment_id, name, purchase_date) VALUES (233, 'any', '2014-02-24');
INSERT INTO Equipment (equipment_id, name, purchase_date) VALUES (234, 'southern', '2009-03-31');
INSERT INTO Equipment (equipment_id, name, purchase_date) VALUES (235, 'forward', '2016-10-04');
INSERT INTO Equipment (equipment_id, name, purchase_date) VALUES (236, 'war', '2020-05-13');
INSERT INTO Equipment (equipment_id, name, purchase_date) VALUES (237, 'oil', '2007-03-21');
INSERT INTO Equipment (equipment_id, name, purchase_date) VALUES (238, 'store', '2016-11-22');
INSERT INTO Equipment (equipment_id, name, purchase_date) VALUES (239, 'well', '2000-02-25');
INSERT INTO Equipment (equipment_id, name, purchase_date) VALUES (240, 'agree', '2006-02-21');
INSERT INTO Equipment (equipment_id, name, purchase_date) VALUES (241, 'from', '2008-11-01');
INSERT INTO Equipment (equipment_id, name, purchase_date) VALUES (242, 'believe', '2020-07-06');
INSERT INTO Equipment (equipment_id, name, purchase_date) VALUES (243, 'beautiful', '2004-10-11');
INSERT INTO Equipment (equipment_id, name, purchase_date) VALUES (244, 'particular', '2004-02-11');
INSERT INTO Equipment (equipment_id, name, purchase_date) VALUES (245, 'write', '2006-09-20');
INSERT INTO Equipment (equipment_id, name, purchase_date) VALUES (246, 'house', '2007-09-19');
INSERT INTO Equipment (equipment_id, name, purchase_date) VALUES (247, 'difference', '2023-10-10');
INSERT INTO Equipment (equipment_id, name, purchase_date) VALUES (248, 'seven', '2016-11-14');
INSERT INTO Equipment (equipment_id, name, purchase_date) VALUES (249, 'also', '2008-03-13');
INSERT INTO Equipment (equipment_id, name, purchase_date) VALUES (250, 'note', '2005-07-03');
INSERT INTO Equipment (equipment_id, name, purchase_date) VALUES (251, 'take', '2019-10-12');
INSERT INTO Equipment (equipment_id, name, purchase_date) VALUES (252, 'remain', '2021-02-15');
INSERT INTO Equipment (equipment_id, name, purchase_date) VALUES (253, 'here', '2024-04-22');
INSERT INTO Equipment (equipment_id, name, purchase_date) VALUES (254, 'out', '2019-07-24');
INSERT INTO Equipment (equipment_id, name, purchase_date) VALUES (255, 'girl', '2024-11-12');
INSERT INTO Equipment (equipment_id, name, purchase_date) VALUES (256, 'issue', '2016-04-04');
INSERT INTO Equipment (equipment_id, name, purchase_date) VALUES (257, 'relationship', '2012-05-26');
INSERT INTO Equipment (equipment_id, name, purchase_date) VALUES (258, 'require', '2003-07-15');
INSERT INTO Equipment (equipment_id, name, purchase_date) VALUES (259, 'artist', '2011-06-05');
INSERT INTO Equipment (equipment_id, name, purchase_date) VALUES (260, 'maintain', '2020-08-19');
INSERT INTO Equipment (equipment_id, name, purchase_date) VALUES (261, 'commercial', '2014-08-19');
INSERT INTO Equipment (equipment_id, name, purchase_date) VALUES (262, 'available', '2003-01-24');
INSERT INTO Equipment (equipment_id, name, purchase_date) VALUES (263, 'great', '2022-03-10');
INSERT INTO Equipment (equipment_id, name, purchase_date) VALUES (264, 'win', '2014-01-17');
INSERT INTO Equipment (equipment_id, name, purchase_date) VALUES (265, 'against', '2015-11-28');
INSERT INTO Equipment (equipment_id, name, purchase_date) VALUES (266, 'themselves', '2009-01-05');
INSERT INTO Equipment (equipment_id, name, purchase_date) VALUES (267, 'company', '2013-07-10');
INSERT INTO Equipment (equipment_id, name, purchase_date) VALUES (268, 'figure', '2006-11-30');
INSERT INTO Equipment (equipment_id, name, purchase_date) VALUES (269, 'collection', '2018-08-21');
INSERT INTO Equipment (equipment_id, name, purchase_date) VALUES (270, 'until', '2022-07-19');
INSERT INTO Equipment (equipment_id, name, purchase_date) VALUES (271, 'identify', '2012-07-05');
INSERT INTO Equipment (equipment_id, name, purchase_date) VALUES (272, 'stay', '2016-04-07');
INSERT INTO Equipment (equipment_id, name, purchase_date) VALUES (273, 'receive', '2010-07-21');
INSERT INTO Equipment (equipment_id, name, purchase_date) VALUES (274, 'project', '2024-07-08');
INSERT INTO Equipment (equipment_id, name, purchase_date) VALUES (275, 'include', '2020-04-01');
INSERT INTO Equipment (equipment_id, name, purchase_date) VALUES (276, 'participant', '2019-07-26');
INSERT INTO Equipment (equipment_id, name, purchase_date) VALUES (277, 'professional', '2004-02-22');
INSERT INTO Equipment (equipment_id, name, purchase_date) VALUES (278, 'build', '2009-05-30');
INSERT INTO Equipment (equipment_id, name, purchase_date) VALUES (279, 'popular', '2016-06-07');
INSERT INTO Equipment (equipment_id, name, purchase_date) VALUES (280, 'three', '2015-03-12');
INSERT INTO Equipment (equipment_id, name, purchase_date) VALUES (281, 'attack', '2017-07-14');
INSERT INTO Equipment (equipment_id, name, purchase_date) VALUES (282, 'phone', '2020-12-07');
INSERT INTO Equipment (equipment_id, name, purchase_date) VALUES (283, 'stand', '2009-02-13');
INSERT INTO Equipment (equipment_id, name, purchase_date) VALUES (284, 'wind', '2020-06-25');
INSERT INTO Equipment (equipment_id, name, purchase_date) VALUES (285, 'perform', '2017-09-23');
INSERT INTO Equipment (equipment_id, name, purchase_date) VALUES (286, 'own', '2002-08-15');
INSERT INTO Equipment (equipment_id, name, purchase_date) VALUES (287, 'around', '2006-10-02');
INSERT INTO Equipment (equipment_id, name, purchase_date) VALUES (288, 'camera', '2022-05-04');
INSERT INTO Equipment (equipment_id, name, purchase_date) VALUES (289, 'condition', '2024-04-22');
INSERT INTO Equipment (equipment_id, name, purchase_date) VALUES (290, 'study', '2023-02-21');
INSERT INTO Equipment (equipment_id, name, purchase_date) VALUES (291, 'form', '2006-08-09');
INSERT INTO Equipment (equipment_id, name, purchase_date) VALUES (292, 'than', '2005-09-27');
INSERT INTO Equipment (equipment_id, name, purchase_date) VALUES (293, 'happy', '2009-12-03');
INSERT INTO Equipment (equipment_id, name, purchase_date) VALUES (294, 'word', '2019-02-01');
INSERT INTO Equipment (equipment_id, name, purchase_date) VALUES (295, 'suggest', '2022-03-13');
INSERT INTO Equipment (equipment_id, name, purchase_date) VALUES (296, 'attack', '2016-01-31');
INSERT INTO Equipment (equipment_id, name, purchase_date) VALUES (297, 'sometimes', '2003-12-01');
INSERT INTO Equipment (equipment_id, name, purchase_date) VALUES (298, 'wish', '2006-11-30');
INSERT INTO Equipment (equipment_id, name, purchase_date) VALUES (299, 'tough', '2024-11-03');
INSERT INTO Equipment (equipment_id, name, purchase_date) VALUES (300, 'buy', '2011-02-23');
INSERT INTO Equipment (equipment_id, name, purchase_date) VALUES (301, 'benefit', '2014-10-22');
INSERT INTO Equipment (equipment_id, name, purchase_date) VALUES (302, 'evening', '2007-12-17');
INSERT INTO Equipment (equipment_id, name, purchase_date) VALUES (303, 'year', '2019-02-04');
INSERT INTO Equipment (equipment_id, name, purchase_date) VALUES (304, 'grow', '2021-08-03');
INSERT INTO Equipment (equipment_id, name, purchase_date) VALUES (305, 'line', '2009-07-07');
INSERT INTO Equipment (equipment_id, name, purchase_date) VALUES (306, 'beyond', '2014-06-28');
INSERT INTO Equipment (equipment_id, name, purchase_date) VALUES (307, 'test', '2011-04-22');
INSERT INTO Equipment (equipment_id, name, purchase_date) VALUES (308, 'whether', '2011-07-10');
INSERT INTO Equipment (equipment_id, name, purchase_date) VALUES (309, 'standard', '2014-11-13');
INSERT INTO Equipment (equipment_id, name, purchase_date) VALUES (310, 'compare', '2014-07-03');
INSERT INTO Equipment (equipment_id, name, purchase_date) VALUES (311, 'military', '2018-10-24');
INSERT INTO Equipment (equipment_id, name, purchase_date) VALUES (312, 'behind', '2005-11-04');
INSERT INTO Equipment (equipment_id, name, purchase_date) VALUES (313, 'item', '2015-08-08');
INSERT INTO Equipment (equipment_id, name, purchase_date) VALUES (314, 'tonight', '2012-04-10');
INSERT INTO Equipment (equipment_id, name, purchase_date) VALUES (315, 'group', '2012-11-06');
INSERT INTO Equipment (equipment_id, name, purchase_date) VALUES (316, 'age', '2020-04-08');
INSERT INTO Equipment (equipment_id, name, purchase_date) VALUES (317, 'participant', '2017-11-16');
INSERT INTO Equipment (equipment_id, name, purchase_date) VALUES (318, 'blood', '2018-10-19');
INSERT INTO Equipment (equipment_id, name, purchase_date) VALUES (319, 'direction', '2006-01-13');
INSERT INTO Equipment (equipment_id, name, purchase_date) VALUES (320, 'growth', '2005-10-13');
INSERT INTO Equipment (equipment_id, name, purchase_date) VALUES (321, 'education', '2011-03-26');
INSERT INTO Equipment (equipment_id, name, purchase_date) VALUES (322, 'president', '2007-05-02');
INSERT INTO Equipment (equipment_id, name, purchase_date) VALUES (323, 'small', '2001-01-02');
INSERT INTO Equipment (equipment_id, name, purchase_date) VALUES (324, 'trip', '2005-11-28');
INSERT INTO Equipment (equipment_id, name, purchase_date) VALUES (325, 'range', '2006-11-01');
INSERT INTO Equipment (equipment_id, name, purchase_date) VALUES (326, 'door', '2003-10-06');
INSERT INTO Equipment (equipment_id, name, purchase_date) VALUES (327, 'husband', '2010-06-21');
INSERT INTO Equipment (equipment_id, name, purchase_date) VALUES (328, 'child', '2008-06-01');
INSERT INTO Equipment (equipment_id, name, purchase_date) VALUES (329, 'alone', '2014-10-28');
INSERT INTO Equipment (equipment_id, name, purchase_date) VALUES (330, 'break', '2012-07-07');
INSERT INTO Equipment (equipment_id, name, purchase_date) VALUES (331, 'third', '2017-07-08');
INSERT INTO Equipment (equipment_id, name, purchase_date) VALUES (332, 'professional', '2019-11-09');
INSERT INTO Equipment (equipment_id, name, purchase_date) VALUES (333, 'recognize', '2013-02-23');
INSERT INTO Equipment (equipment_id, name, purchase_date) VALUES (334, 'could', '2017-01-28');
INSERT INTO Equipment (equipment_id, name, purchase_date) VALUES (335, 'someone', '2011-09-07');
INSERT INTO Equipment (equipment_id, name, purchase_date) VALUES (336, 'whole', '2000-10-29');
INSERT INTO Equipment (equipment_id, name, purchase_date) VALUES (337, 'media', '2000-05-09');
INSERT INTO Equipment (equipment_id, name, purchase_date) VALUES (338, 'sense', '2000-09-18');
INSERT INTO Equipment (equipment_id, name, purchase_date) VALUES (339, 'model', '2021-01-27');
INSERT INTO Equipment (equipment_id, name, purchase_date) VALUES (340, 'subject', '2000-01-02');
INSERT INTO Equipment (equipment_id, name, purchase_date) VALUES (341, 'sure', '2001-11-15');
INSERT INTO Equipment (equipment_id, name, purchase_date) VALUES (342, 'surface', '2016-03-25');
INSERT INTO Equipment (equipment_id, name, purchase_date) VALUES (343, 'return', '2017-06-30');
INSERT INTO Equipment (equipment_id, name, purchase_date) VALUES (344, 'rather', '2005-03-27');
INSERT INTO Equipment (equipment_id, name, purchase_date) VALUES (345, 'allow', '2018-09-13');
INSERT INTO Equipment (equipment_id, name, purchase_date) VALUES (346, 'hundred', '2002-08-03');
INSERT INTO Equipment (equipment_id, name, purchase_date) VALUES (347, 'else', '2015-11-24');
INSERT INTO Equipment (equipment_id, name, purchase_date) VALUES (348, 'form', '2000-06-20');
INSERT INTO Equipment (equipment_id, name, purchase_date) VALUES (349, 'prevent', '2002-07-08');
INSERT INTO Equipment (equipment_id, name, purchase_date) VALUES (350, 'newspaper', '2005-06-23');
INSERT INTO Equipment (equipment_id, name, purchase_date) VALUES (351, 'drop', '2023-05-02');
INSERT INTO Equipment (equipment_id, name, purchase_date) VALUES (352, 'least', '2011-10-14');
INSERT INTO Equipment (equipment_id, name, purchase_date) VALUES (353, 'three', '2014-06-21');
INSERT INTO Equipment (equipment_id, name, purchase_date) VALUES (354, 'rate', '2018-01-21');
INSERT INTO Equipment (equipment_id, name, purchase_date) VALUES (355, 'star', '2011-12-13');
INSERT INTO Equipment (equipment_id, name, purchase_date) VALUES (356, 'candidate', '2024-09-15');
INSERT INTO Equipment (equipment_id, name, purchase_date) VALUES (357, 'hard', '2010-06-04');
INSERT INTO Equipment (equipment_id, name, purchase_date) VALUES (358, 'direction', '2002-03-01');
INSERT INTO Equipment (equipment_id, name, purchase_date) VALUES (359, 'central', '2023-10-22');
INSERT INTO Equipment (equipment_id, name, purchase_date) VALUES (360, 'purpose', '2006-08-11');
INSERT INTO Equipment (equipment_id, name, purchase_date) VALUES (361, 'serious', '2023-08-28');
INSERT INTO Equipment (equipment_id, name, purchase_date) VALUES (362, 'group', '2011-01-08');
INSERT INTO Equipment (equipment_id, name, purchase_date) VALUES (363, 'Republican', '2018-10-09');
INSERT INTO Equipment (equipment_id, name, purchase_date) VALUES (364, 'interview', '2014-12-14');
INSERT INTO Equipment (equipment_id, name, purchase_date) VALUES (365, 'reveal', '2012-02-07');
INSERT INTO Equipment (equipment_id, name, purchase_date) VALUES (366, 'buy', '2013-12-31');
INSERT INTO Equipment (equipment_id, name, purchase_date) VALUES (367, 'east', '2001-09-11');
INSERT INTO Equipment (equipment_id, name, purchase_date) VALUES (368, 'bank', '2001-03-01');
INSERT INTO Equipment (equipment_id, name, purchase_date) VALUES (369, 'best', '2001-04-07');
INSERT INTO Equipment (equipment_id, name, purchase_date) VALUES (370, 'article', '2009-01-07');
INSERT INTO Equipment (equipment_id, name, purchase_date) VALUES (371, 'trade', '2005-11-28');
INSERT INTO Equipment (equipment_id, name, purchase_date) VALUES (372, 'citizen', '2016-07-22');
INSERT INTO Equipment (equipment_id, name, purchase_date) VALUES (373, 'scientist', '2002-03-18');
INSERT INTO Equipment (equipment_id, name, purchase_date) VALUES (374, 'mother', '2015-08-23');
INSERT INTO Equipment (equipment_id, name, purchase_date) VALUES (375, 'upon', '2002-12-03');
INSERT INTO Equipment (equipment_id, name, purchase_date) VALUES (376, 'relate', '2005-11-06');
INSERT INTO Equipment (equipment_id, name, purchase_date) VALUES (377, 'she', '2001-04-13');
INSERT INTO Equipment (equipment_id, name, purchase_date) VALUES (378, 'standard', '2003-04-12');
INSERT INTO Equipment (equipment_id, name, purchase_date) VALUES (379, 'modern', '2004-04-16');
INSERT INTO Equipment (equipment_id, name, purchase_date) VALUES (380, 'their', '2009-06-01');
INSERT INTO Equipment (equipment_id, name, purchase_date) VALUES (381, 'development', '2024-12-07');
INSERT INTO Equipment (equipment_id, name, purchase_date) VALUES (382, 'example', '2017-04-14');
INSERT INTO Equipment (equipment_id, name, purchase_date) VALUES (383, 'detail', '2016-08-22');
INSERT INTO Equipment (equipment_id, name, purchase_date) VALUES (384, 'certain', '2009-02-26');
INSERT INTO Equipment (equipment_id, name, purchase_date) VALUES (385, 'unit', '2012-05-23');
INSERT INTO Equipment (equipment_id, name, purchase_date) VALUES (386, 'shake', '2001-10-18');
INSERT INTO Equipment (equipment_id, name, purchase_date) VALUES (387, 'pretty', '2010-06-30');
INSERT INTO Equipment (equipment_id, name, purchase_date) VALUES (388, 'against', '2013-09-25');
INSERT INTO Equipment (equipment_id, name, purchase_date) VALUES (389, 'full', '2015-01-30');
INSERT INTO Equipment (equipment_id, name, purchase_date) VALUES (390, 'eight', '2017-08-09');
INSERT INTO Equipment (equipment_id, name, purchase_date) VALUES (391, 'range', '2018-12-08');
INSERT INTO Equipment (equipment_id, name, purchase_date) VALUES (392, 'soon', '2021-12-08');
INSERT INTO Equipment (equipment_id, name, purchase_date) VALUES (393, 'gas', '2005-06-02');
INSERT INTO Equipment (equipment_id, name, purchase_date) VALUES (394, 'there', '2021-03-12');
INSERT INTO Equipment (equipment_id, name, purchase_date) VALUES (395, 'hope', '2001-06-20');
INSERT INTO Equipment (equipment_id, name, purchase_date) VALUES (396, 'sound', '2014-01-05');
INSERT INTO Equipment (equipment_id, name, purchase_date) VALUES (397, 'tend', '2021-09-11');
INSERT INTO Equipment (equipment_id, name, purchase_date) VALUES (398, 'daughter', '2004-11-15');
INSERT INTO Equipment (equipment_id, name, purchase_date) VALUES (399, 'thought', '2019-01-28');
INSERT INTO Equipment (equipment_id, name, purchase_date) VALUES (400, 'discussion', '2020-01-05');
INSERT INTO Infrastructure (infrastructure_id, capacity, infrastructure_type, status, colony_id) VALUES (1, 67, 'Research Lab', 1, 157);
INSERT INTO Infrastructure (infrastructure_id, capacity, infrastructure_type, status, colony_id) VALUES (2, 46, 'Power Station', 3, 88);
INSERT INTO Infrastructure (infrastructure_id, capacity, infrastructure_type, status, colony_id) VALUES (3, 61, 'Greenhouse', 2, 279);
INSERT INTO Infrastructure (infrastructure_id, capacity, infrastructure_type, status, colony_id) VALUES (4, 38, 'Power Station', 2, 173);
INSERT INTO Infrastructure (infrastructure_id, capacity, infrastructure_type, status, colony_id) VALUES (5, 57, 'Greenhouse', 2, 121);
INSERT INTO Infrastructure (infrastructure_id, capacity, infrastructure_type, status, colony_id) VALUES (6, 19, 'Power Station', 2, 154);
INSERT INTO Infrastructure (infrastructure_id, capacity, infrastructure_type, status, colony_id) VALUES (7, 37, 'Habitat', 2, 238);
INSERT INTO Infrastructure (infrastructure_id, capacity, infrastructure_type, status, colony_id) VALUES (8, 21, 'Research Lab', 3, 50);
INSERT INTO Infrastructure (infrastructure_id, capacity, infrastructure_type, status, colony_id) VALUES (9, 75, 'Habitat', 3, 227);
INSERT INTO Infrastructure (infrastructure_id, capacity, infrastructure_type, status, colony_id) VALUES (10, 35, 'Greenhouse', 1, 352);
INSERT INTO Infrastructure (infrastructure_id, capacity, infrastructure_type, status, colony_id) VALUES (11, 36, 'Habitat', 3, 304);
INSERT INTO Infrastructure (infrastructure_id, capacity, infrastructure_type, status, colony_id) VALUES (12, 13, 'Power Station', 3, 5);
INSERT INTO Infrastructure (infrastructure_id, capacity, infrastructure_type, status, colony_id) VALUES (13, 73, 'Habitat', 3, 152);
INSERT INTO Infrastructure (infrastructure_id, capacity, infrastructure_type, status, colony_id) VALUES (14, 37, 'Research Lab', 2, 205);
INSERT INTO Infrastructure (infrastructure_id, capacity, infrastructure_type, status, colony_id) VALUES (15, 35, 'Power Station', 2, 192);
INSERT INTO Infrastructure (infrastructure_id, capacity, infrastructure_type, status, colony_id) VALUES (16, 47, 'Greenhouse', 1, 52);
INSERT INTO Infrastructure (infrastructure_id, capacity, infrastructure_type, status, colony_id) VALUES (17, 87, 'Power Station', 2, 324);
INSERT INTO Infrastructure (infrastructure_id, capacity, infrastructure_type, status, colony_id) VALUES (18, 96, 'Research Lab', 2, 388);
INSERT INTO Infrastructure (infrastructure_id, capacity, infrastructure_type, status, colony_id) VALUES (19, 23, 'Habitat', 3, 33);
INSERT INTO Infrastructure (infrastructure_id, capacity, infrastructure_type, status, colony_id) VALUES (20, 22, 'Greenhouse', 3, 321);
INSERT INTO Infrastructure (infrastructure_id, capacity, infrastructure_type, status, colony_id) VALUES (21, 16, 'Greenhouse', 2, 241);
INSERT INTO Infrastructure (infrastructure_id, capacity, infrastructure_type, status, colony_id) VALUES (22, 19, 'Habitat', 1, 244);
INSERT INTO Infrastructure (infrastructure_id, capacity, infrastructure_type, status, colony_id) VALUES (23, 99, 'Habitat', 1, 276);
INSERT INTO Infrastructure (infrastructure_id, capacity, infrastructure_type, status, colony_id) VALUES (24, 43, 'Greenhouse', 3, 332);
INSERT INTO Infrastructure (infrastructure_id, capacity, infrastructure_type, status, colony_id) VALUES (25, 64, 'Power Station', 2, 286);
INSERT INTO Infrastructure (infrastructure_id, capacity, infrastructure_type, status, colony_id) VALUES (26, 14, 'Greenhouse', 3, 273);
INSERT INTO Infrastructure (infrastructure_id, capacity, infrastructure_type, status, colony_id) VALUES (27, 66, 'Greenhouse', 1, 158);
INSERT INTO Infrastructure (infrastructure_id, capacity, infrastructure_type, status, colony_id) VALUES (28, 81, 'Research Lab', 2, 285);
INSERT INTO Infrastructure (infrastructure_id, capacity, infrastructure_type, status, colony_id) VALUES (29, 34, 'Greenhouse', 2, 163);
INSERT INTO Infrastructure (infrastructure_id, capacity, infrastructure_type, status, colony_id) VALUES (30, 62, 'Greenhouse', 2, 375);
INSERT INTO Infrastructure (infrastructure_id, capacity, infrastructure_type, status, colony_id) VALUES (31, 17, 'Research Lab', 1, 269);
INSERT INTO Infrastructure (infrastructure_id, capacity, infrastructure_type, status, colony_id) VALUES (32, 30, 'Power Station', 1, 94);
INSERT INTO Infrastructure (infrastructure_id, capacity, infrastructure_type, status, colony_id) VALUES (33, 81, 'Habitat', 2, 136);
INSERT INTO Infrastructure (infrastructure_id, capacity, infrastructure_type, status, colony_id) VALUES (34, 11, 'Habitat', 1, 379);
INSERT INTO Infrastructure (infrastructure_id, capacity, infrastructure_type, status, colony_id) VALUES (35, 15, 'Greenhouse', 2, 60);
INSERT INTO Infrastructure (infrastructure_id, capacity, infrastructure_type, status, colony_id) VALUES (36, 18, 'Greenhouse', 2, 66);
INSERT INTO Infrastructure (infrastructure_id, capacity, infrastructure_type, status, colony_id) VALUES (37, 37, 'Research Lab', 3, 358);
INSERT INTO Infrastructure (infrastructure_id, capacity, infrastructure_type, status, colony_id) VALUES (38, 22, 'Greenhouse', 2, 309);
INSERT INTO Infrastructure (infrastructure_id, capacity, infrastructure_type, status, colony_id) VALUES (39, 56, 'Greenhouse', 3, 224);
INSERT INTO Infrastructure (infrastructure_id, capacity, infrastructure_type, status, colony_id) VALUES (40, 41, 'Habitat', 2, 395);
INSERT INTO Infrastructure (infrastructure_id, capacity, infrastructure_type, status, colony_id) VALUES (41, 91, 'Power Station', 2, 286);
INSERT INTO Infrastructure (infrastructure_id, capacity, infrastructure_type, status, colony_id) VALUES (42, 12, 'Power Station', 1, 197);
INSERT INTO Infrastructure (infrastructure_id, capacity, infrastructure_type, status, colony_id) VALUES (43, 12, 'Power Station', 2, 388);
INSERT INTO Infrastructure (infrastructure_id, capacity, infrastructure_type, status, colony_id) VALUES (44, 24, 'Greenhouse', 3, 130);
INSERT INTO Infrastructure (infrastructure_id, capacity, infrastructure_type, status, colony_id) VALUES (45, 34, 'Power Station', 3, 243);
INSERT INTO Infrastructure (infrastructure_id, capacity, infrastructure_type, status, colony_id) VALUES (46, 22, 'Greenhouse', 3, 353);
INSERT INTO Infrastructure (infrastructure_id, capacity, infrastructure_type, status, colony_id) VALUES (47, 70, 'Greenhouse', 1, 349);
INSERT INTO Infrastructure (infrastructure_id, capacity, infrastructure_type, status, colony_id) VALUES (48, 17, 'Habitat', 2, 281);
INSERT INTO Infrastructure (infrastructure_id, capacity, infrastructure_type, status, colony_id) VALUES (49, 63, 'Power Station', 1, 94);
INSERT INTO Infrastructure (infrastructure_id, capacity, infrastructure_type, status, colony_id) VALUES (50, 84, 'Greenhouse', 1, 147);
INSERT INTO Infrastructure (infrastructure_id, capacity, infrastructure_type, status, colony_id) VALUES (51, 13, 'Research Lab', 1, 237);
INSERT INTO Infrastructure (infrastructure_id, capacity, infrastructure_type, status, colony_id) VALUES (52, 65, 'Habitat', 1, 346);
INSERT INTO Infrastructure (infrastructure_id, capacity, infrastructure_type, status, colony_id) VALUES (53, 51, 'Research Lab', 2, 316);
INSERT INTO Infrastructure (infrastructure_id, capacity, infrastructure_type, status, colony_id) VALUES (54, 36, 'Power Station', 3, 389);
INSERT INTO Infrastructure (infrastructure_id, capacity, infrastructure_type, status, colony_id) VALUES (55, 99, 'Research Lab', 1, 356);
INSERT INTO Infrastructure (infrastructure_id, capacity, infrastructure_type, status, colony_id) VALUES (56, 52, 'Habitat', 1, 39);
INSERT INTO Infrastructure (infrastructure_id, capacity, infrastructure_type, status, colony_id) VALUES (57, 62, 'Habitat', 3, 342);
INSERT INTO Infrastructure (infrastructure_id, capacity, infrastructure_type, status, colony_id) VALUES (58, 40, 'Power Station', 2, 242);
INSERT INTO Infrastructure (infrastructure_id, capacity, infrastructure_type, status, colony_id) VALUES (59, 44, 'Power Station', 2, 316);
INSERT INTO Infrastructure (infrastructure_id, capacity, infrastructure_type, status, colony_id) VALUES (60, 92, 'Research Lab', 1, 304);
INSERT INTO Infrastructure (infrastructure_id, capacity, infrastructure_type, status, colony_id) VALUES (61, 76, 'Greenhouse', 3, 34);
INSERT INTO Infrastructure (infrastructure_id, capacity, infrastructure_type, status, colony_id) VALUES (62, 23, 'Greenhouse', 1, 101);
INSERT INTO Infrastructure (infrastructure_id, capacity, infrastructure_type, status, colony_id) VALUES (63, 85, 'Research Lab', 1, 125);
INSERT INTO Infrastructure (infrastructure_id, capacity, infrastructure_type, status, colony_id) VALUES (64, 96, 'Research Lab', 3, 102);
INSERT INTO Infrastructure (infrastructure_id, capacity, infrastructure_type, status, colony_id) VALUES (65, 19, 'Research Lab', 3, 200);
INSERT INTO Infrastructure (infrastructure_id, capacity, infrastructure_type, status, colony_id) VALUES (66, 76, 'Research Lab', 2, 112);
INSERT INTO Infrastructure (infrastructure_id, capacity, infrastructure_type, status, colony_id) VALUES (67, 30, 'Habitat', 1, 351);
INSERT INTO Infrastructure (infrastructure_id, capacity, infrastructure_type, status, colony_id) VALUES (68, 99, 'Greenhouse', 3, 248);
INSERT INTO Infrastructure (infrastructure_id, capacity, infrastructure_type, status, colony_id) VALUES (69, 86, 'Research Lab', 1, 28);
INSERT INTO Infrastructure (infrastructure_id, capacity, infrastructure_type, status, colony_id) VALUES (70, 82, 'Power Station', 2, 69);
INSERT INTO Infrastructure (infrastructure_id, capacity, infrastructure_type, status, colony_id) VALUES (71, 33, 'Research Lab', 2, 168);
INSERT INTO Infrastructure (infrastructure_id, capacity, infrastructure_type, status, colony_id) VALUES (72, 41, 'Research Lab', 1, 113);
INSERT INTO Infrastructure (infrastructure_id, capacity, infrastructure_type, status, colony_id) VALUES (73, 86, 'Power Station', 2, 229);
INSERT INTO Infrastructure (infrastructure_id, capacity, infrastructure_type, status, colony_id) VALUES (74, 26, 'Power Station', 2, 326);
INSERT INTO Infrastructure (infrastructure_id, capacity, infrastructure_type, status, colony_id) VALUES (75, 97, 'Greenhouse', 3, 318);
INSERT INTO Infrastructure (infrastructure_id, capacity, infrastructure_type, status, colony_id) VALUES (76, 59, 'Research Lab', 1, 297);
INSERT INTO Infrastructure (infrastructure_id, capacity, infrastructure_type, status, colony_id) VALUES (77, 61, 'Research Lab', 3, 196);
INSERT INTO Infrastructure (infrastructure_id, capacity, infrastructure_type, status, colony_id) VALUES (78, 66, 'Greenhouse', 2, 77);
INSERT INTO Infrastructure (infrastructure_id, capacity, infrastructure_type, status, colony_id) VALUES (79, 90, 'Greenhouse', 1, 128);
INSERT INTO Infrastructure (infrastructure_id, capacity, infrastructure_type, status, colony_id) VALUES (80, 45, 'Habitat', 2, 268);
INSERT INTO Infrastructure (infrastructure_id, capacity, infrastructure_type, status, colony_id) VALUES (81, 90, 'Greenhouse', 2, 136);
INSERT INTO Infrastructure (infrastructure_id, capacity, infrastructure_type, status, colony_id) VALUES (82, 57, 'Research Lab', 1, 105);
INSERT INTO Infrastructure (infrastructure_id, capacity, infrastructure_type, status, colony_id) VALUES (83, 25, 'Research Lab', 2, 304);
INSERT INTO Infrastructure (infrastructure_id, capacity, infrastructure_type, status, colony_id) VALUES (84, 95, 'Greenhouse', 1, 105);
INSERT INTO Infrastructure (infrastructure_id, capacity, infrastructure_type, status, colony_id) VALUES (85, 72, 'Power Station', 1, 87);
INSERT INTO Infrastructure (infrastructure_id, capacity, infrastructure_type, status, colony_id) VALUES (86, 19, 'Research Lab', 3, 284);
INSERT INTO Infrastructure (infrastructure_id, capacity, infrastructure_type, status, colony_id) VALUES (87, 70, 'Greenhouse', 2, 64);
INSERT INTO Infrastructure (infrastructure_id, capacity, infrastructure_type, status, colony_id) VALUES (88, 37, 'Power Station', 3, 211);
INSERT INTO Infrastructure (infrastructure_id, capacity, infrastructure_type, status, colony_id) VALUES (89, 66, 'Power Station', 2, 157);
INSERT INTO Infrastructure (infrastructure_id, capacity, infrastructure_type, status, colony_id) VALUES (90, 53, 'Greenhouse', 2, 45);
INSERT INTO Infrastructure (infrastructure_id, capacity, infrastructure_type, status, colony_id) VALUES (91, 45, 'Greenhouse', 2, 182);
INSERT INTO Infrastructure (infrastructure_id, capacity, infrastructure_type, status, colony_id) VALUES (92, 30, 'Habitat', 2, 14);
INSERT INTO Infrastructure (infrastructure_id, capacity, infrastructure_type, status, colony_id) VALUES (93, 96, 'Habitat', 1, 131);
INSERT INTO Infrastructure (infrastructure_id, capacity, infrastructure_type, status, colony_id) VALUES (94, 69, 'Habitat', 3, 314);
INSERT INTO Infrastructure (infrastructure_id, capacity, infrastructure_type, status, colony_id) VALUES (95, 35, 'Power Station', 3, 40);
INSERT INTO Infrastructure (infrastructure_id, capacity, infrastructure_type, status, colony_id) VALUES (96, 34, 'Habitat', 3, 349);
INSERT INTO Infrastructure (infrastructure_id, capacity, infrastructure_type, status, colony_id) VALUES (97, 18, 'Greenhouse', 3, 318);
INSERT INTO Infrastructure (infrastructure_id, capacity, infrastructure_type, status, colony_id) VALUES (98, 20, 'Greenhouse', 1, 315);
INSERT INTO Infrastructure (infrastructure_id, capacity, infrastructure_type, status, colony_id) VALUES (99, 40, 'Power Station', 1, 343);
INSERT INTO Infrastructure (infrastructure_id, capacity, infrastructure_type, status, colony_id) VALUES (100, 71, 'Research Lab', 3, 338);
INSERT INTO Infrastructure (infrastructure_id, capacity, infrastructure_type, status, colony_id) VALUES (101, 49, 'Habitat', 1, 347);
INSERT INTO Infrastructure (infrastructure_id, capacity, infrastructure_type, status, colony_id) VALUES (102, 17, 'Research Lab', 3, 272);
INSERT INTO Infrastructure (infrastructure_id, capacity, infrastructure_type, status, colony_id) VALUES (103, 53, 'Research Lab', 1, 205);
INSERT INTO Infrastructure (infrastructure_id, capacity, infrastructure_type, status, colony_id) VALUES (104, 77, 'Greenhouse', 2, 394);
INSERT INTO Infrastructure (infrastructure_id, capacity, infrastructure_type, status, colony_id) VALUES (105, 21, 'Greenhouse', 1, 268);
INSERT INTO Infrastructure (infrastructure_id, capacity, infrastructure_type, status, colony_id) VALUES (106, 78, 'Power Station', 1, 68);
INSERT INTO Infrastructure (infrastructure_id, capacity, infrastructure_type, status, colony_id) VALUES (107, 73, 'Greenhouse', 1, 104);
INSERT INTO Infrastructure (infrastructure_id, capacity, infrastructure_type, status, colony_id) VALUES (108, 34, 'Power Station', 2, 336);
INSERT INTO Infrastructure (infrastructure_id, capacity, infrastructure_type, status, colony_id) VALUES (109, 17, 'Research Lab', 3, 375);
INSERT INTO Infrastructure (infrastructure_id, capacity, infrastructure_type, status, colony_id) VALUES (110, 82, 'Research Lab', 2, 151);
INSERT INTO Infrastructure (infrastructure_id, capacity, infrastructure_type, status, colony_id) VALUES (111, 35, 'Greenhouse', 3, 62);
INSERT INTO Infrastructure (infrastructure_id, capacity, infrastructure_type, status, colony_id) VALUES (112, 35, 'Greenhouse', 1, 45);
INSERT INTO Infrastructure (infrastructure_id, capacity, infrastructure_type, status, colony_id) VALUES (113, 22, 'Habitat', 1, 207);
INSERT INTO Infrastructure (infrastructure_id, capacity, infrastructure_type, status, colony_id) VALUES (114, 30, 'Power Station', 1, 382);
INSERT INTO Infrastructure (infrastructure_id, capacity, infrastructure_type, status, colony_id) VALUES (115, 38, 'Research Lab', 2, 137);
INSERT INTO Infrastructure (infrastructure_id, capacity, infrastructure_type, status, colony_id) VALUES (116, 11, 'Greenhouse', 3, 135);
INSERT INTO Infrastructure (infrastructure_id, capacity, infrastructure_type, status, colony_id) VALUES (117, 37, 'Greenhouse', 3, 195);
INSERT INTO Infrastructure (infrastructure_id, capacity, infrastructure_type, status, colony_id) VALUES (118, 29, 'Habitat', 2, 235);
INSERT INTO Infrastructure (infrastructure_id, capacity, infrastructure_type, status, colony_id) VALUES (119, 58, 'Power Station', 3, 62);
INSERT INTO Infrastructure (infrastructure_id, capacity, infrastructure_type, status, colony_id) VALUES (120, 39, 'Habitat', 2, 46);
INSERT INTO Infrastructure (infrastructure_id, capacity, infrastructure_type, status, colony_id) VALUES (121, 40, 'Habitat', 2, 140);
INSERT INTO Infrastructure (infrastructure_id, capacity, infrastructure_type, status, colony_id) VALUES (122, 26, 'Research Lab', 3, 39);
INSERT INTO Infrastructure (infrastructure_id, capacity, infrastructure_type, status, colony_id) VALUES (123, 45, 'Greenhouse', 3, 127);
INSERT INTO Infrastructure (infrastructure_id, capacity, infrastructure_type, status, colony_id) VALUES (124, 60, 'Research Lab', 2, 159);
INSERT INTO Infrastructure (infrastructure_id, capacity, infrastructure_type, status, colony_id) VALUES (125, 37, 'Habitat', 3, 244);
INSERT INTO Infrastructure (infrastructure_id, capacity, infrastructure_type, status, colony_id) VALUES (126, 33, 'Research Lab', 2, 312);
INSERT INTO Infrastructure (infrastructure_id, capacity, infrastructure_type, status, colony_id) VALUES (127, 95, 'Power Station', 3, 89);
INSERT INTO Infrastructure (infrastructure_id, capacity, infrastructure_type, status, colony_id) VALUES (128, 62, 'Habitat', 2, 56);
INSERT INTO Infrastructure (infrastructure_id, capacity, infrastructure_type, status, colony_id) VALUES (129, 67, 'Research Lab', 3, 198);
INSERT INTO Infrastructure (infrastructure_id, capacity, infrastructure_type, status, colony_id) VALUES (130, 16, 'Research Lab', 3, 67);
INSERT INTO Infrastructure (infrastructure_id, capacity, infrastructure_type, status, colony_id) VALUES (131, 50, 'Greenhouse', 1, 99);
INSERT INTO Infrastructure (infrastructure_id, capacity, infrastructure_type, status, colony_id) VALUES (132, 25, 'Power Station', 3, 337);
INSERT INTO Infrastructure (infrastructure_id, capacity, infrastructure_type, status, colony_id) VALUES (133, 63, 'Greenhouse', 3, 351);
INSERT INTO Infrastructure (infrastructure_id, capacity, infrastructure_type, status, colony_id) VALUES (134, 68, 'Habitat', 1, 40);
INSERT INTO Infrastructure (infrastructure_id, capacity, infrastructure_type, status, colony_id) VALUES (135, 20, 'Research Lab', 1, 229);
INSERT INTO Infrastructure (infrastructure_id, capacity, infrastructure_type, status, colony_id) VALUES (136, 35, 'Research Lab', 1, 94);
INSERT INTO Infrastructure (infrastructure_id, capacity, infrastructure_type, status, colony_id) VALUES (137, 15, 'Power Station', 2, 229);
INSERT INTO Infrastructure (infrastructure_id, capacity, infrastructure_type, status, colony_id) VALUES (138, 29, 'Research Lab', 1, 400);
INSERT INTO Infrastructure (infrastructure_id, capacity, infrastructure_type, status, colony_id) VALUES (139, 83, 'Research Lab', 3, 120);
INSERT INTO Infrastructure (infrastructure_id, capacity, infrastructure_type, status, colony_id) VALUES (140, 77, 'Greenhouse', 1, 399);
INSERT INTO Infrastructure (infrastructure_id, capacity, infrastructure_type, status, colony_id) VALUES (141, 88, 'Greenhouse', 2, 127);
INSERT INTO Infrastructure (infrastructure_id, capacity, infrastructure_type, status, colony_id) VALUES (142, 10, 'Habitat', 2, 31);
INSERT INTO Infrastructure (infrastructure_id, capacity, infrastructure_type, status, colony_id) VALUES (143, 62, 'Research Lab', 3, 203);
INSERT INTO Infrastructure (infrastructure_id, capacity, infrastructure_type, status, colony_id) VALUES (144, 22, 'Habitat', 2, 99);
INSERT INTO Infrastructure (infrastructure_id, capacity, infrastructure_type, status, colony_id) VALUES (145, 60, 'Habitat', 3, 336);
INSERT INTO Infrastructure (infrastructure_id, capacity, infrastructure_type, status, colony_id) VALUES (146, 53, 'Power Station', 3, 65);
INSERT INTO Infrastructure (infrastructure_id, capacity, infrastructure_type, status, colony_id) VALUES (147, 52, 'Habitat', 3, 18);
INSERT INTO Infrastructure (infrastructure_id, capacity, infrastructure_type, status, colony_id) VALUES (148, 47, 'Research Lab', 1, 37);
INSERT INTO Infrastructure (infrastructure_id, capacity, infrastructure_type, status, colony_id) VALUES (149, 99, 'Greenhouse', 2, 397);
INSERT INTO Infrastructure (infrastructure_id, capacity, infrastructure_type, status, colony_id) VALUES (150, 47, 'Research Lab', 1, 218);
INSERT INTO Infrastructure (infrastructure_id, capacity, infrastructure_type, status, colony_id) VALUES (151, 81, 'Research Lab', 1, 217);
INSERT INTO Infrastructure (infrastructure_id, capacity, infrastructure_type, status, colony_id) VALUES (152, 92, 'Research Lab', 3, 128);
INSERT INTO Infrastructure (infrastructure_id, capacity, infrastructure_type, status, colony_id) VALUES (153, 14, 'Research Lab', 2, 238);
INSERT INTO Infrastructure (infrastructure_id, capacity, infrastructure_type, status, colony_id) VALUES (154, 87, 'Greenhouse', 2, 155);
INSERT INTO Infrastructure (infrastructure_id, capacity, infrastructure_type, status, colony_id) VALUES (155, 21, 'Research Lab', 1, 70);
INSERT INTO Infrastructure (infrastructure_id, capacity, infrastructure_type, status, colony_id) VALUES (156, 38, 'Greenhouse', 2, 263);
INSERT INTO Infrastructure (infrastructure_id, capacity, infrastructure_type, status, colony_id) VALUES (157, 85, 'Greenhouse', 1, 231);
INSERT INTO Infrastructure (infrastructure_id, capacity, infrastructure_type, status, colony_id) VALUES (158, 23, 'Power Station', 3, 323);
INSERT INTO Infrastructure (infrastructure_id, capacity, infrastructure_type, status, colony_id) VALUES (159, 37, 'Habitat', 3, 116);
INSERT INTO Infrastructure (infrastructure_id, capacity, infrastructure_type, status, colony_id) VALUES (160, 79, 'Habitat', 2, 377);
INSERT INTO Infrastructure (infrastructure_id, capacity, infrastructure_type, status, colony_id) VALUES (161, 12, 'Power Station', 2, 146);
INSERT INTO Infrastructure (infrastructure_id, capacity, infrastructure_type, status, colony_id) VALUES (162, 79, 'Power Station', 3, 63);
INSERT INTO Infrastructure (infrastructure_id, capacity, infrastructure_type, status, colony_id) VALUES (163, 10, 'Habitat', 2, 98);
INSERT INTO Infrastructure (infrastructure_id, capacity, infrastructure_type, status, colony_id) VALUES (164, 88, 'Research Lab', 3, 94);
INSERT INTO Infrastructure (infrastructure_id, capacity, infrastructure_type, status, colony_id) VALUES (165, 39, 'Research Lab', 1, 290);
INSERT INTO Infrastructure (infrastructure_id, capacity, infrastructure_type, status, colony_id) VALUES (166, 56, 'Power Station', 2, 69);
INSERT INTO Infrastructure (infrastructure_id, capacity, infrastructure_type, status, colony_id) VALUES (167, 66, 'Power Station', 1, 379);
INSERT INTO Infrastructure (infrastructure_id, capacity, infrastructure_type, status, colony_id) VALUES (168, 34, 'Power Station', 3, 356);
INSERT INTO Infrastructure (infrastructure_id, capacity, infrastructure_type, status, colony_id) VALUES (169, 19, 'Habitat', 1, 210);
INSERT INTO Infrastructure (infrastructure_id, capacity, infrastructure_type, status, colony_id) VALUES (170, 51, 'Habitat', 1, 110);
INSERT INTO Infrastructure (infrastructure_id, capacity, infrastructure_type, status, colony_id) VALUES (171, 75, 'Habitat', 2, 97);
INSERT INTO Infrastructure (infrastructure_id, capacity, infrastructure_type, status, colony_id) VALUES (172, 15, 'Power Station', 1, 100);
INSERT INTO Infrastructure (infrastructure_id, capacity, infrastructure_type, status, colony_id) VALUES (173, 46, 'Power Station', 3, 190);
INSERT INTO Infrastructure (infrastructure_id, capacity, infrastructure_type, status, colony_id) VALUES (174, 76, 'Power Station', 1, 284);
INSERT INTO Infrastructure (infrastructure_id, capacity, infrastructure_type, status, colony_id) VALUES (175, 86, 'Research Lab', 1, 251);
INSERT INTO Infrastructure (infrastructure_id, capacity, infrastructure_type, status, colony_id) VALUES (176, 13, 'Research Lab', 1, 94);
INSERT INTO Infrastructure (infrastructure_id, capacity, infrastructure_type, status, colony_id) VALUES (177, 67, 'Research Lab', 2, 24);
INSERT INTO Infrastructure (infrastructure_id, capacity, infrastructure_type, status, colony_id) VALUES (178, 41, 'Research Lab', 2, 342);
INSERT INTO Infrastructure (infrastructure_id, capacity, infrastructure_type, status, colony_id) VALUES (179, 48, 'Research Lab', 2, 126);
INSERT INTO Infrastructure (infrastructure_id, capacity, infrastructure_type, status, colony_id) VALUES (180, 47, 'Research Lab', 1, 119);
INSERT INTO Infrastructure (infrastructure_id, capacity, infrastructure_type, status, colony_id) VALUES (181, 66, 'Greenhouse', 2, 95);
INSERT INTO Infrastructure (infrastructure_id, capacity, infrastructure_type, status, colony_id) VALUES (182, 76, 'Power Station', 1, 328);
INSERT INTO Infrastructure (infrastructure_id, capacity, infrastructure_type, status, colony_id) VALUES (183, 20, 'Power Station', 1, 203);
INSERT INTO Infrastructure (infrastructure_id, capacity, infrastructure_type, status, colony_id) VALUES (184, 28, 'Research Lab', 3, 297);
INSERT INTO Infrastructure (infrastructure_id, capacity, infrastructure_type, status, colony_id) VALUES (185, 14, 'Greenhouse', 3, 164);
INSERT INTO Infrastructure (infrastructure_id, capacity, infrastructure_type, status, colony_id) VALUES (186, 77, 'Power Station', 2, 400);
INSERT INTO Infrastructure (infrastructure_id, capacity, infrastructure_type, status, colony_id) VALUES (187, 39, 'Power Station', 1, 140);
INSERT INTO Infrastructure (infrastructure_id, capacity, infrastructure_type, status, colony_id) VALUES (188, 20, 'Research Lab', 3, 116);
INSERT INTO Infrastructure (infrastructure_id, capacity, infrastructure_type, status, colony_id) VALUES (189, 36, 'Habitat', 1, 134);
INSERT INTO Infrastructure (infrastructure_id, capacity, infrastructure_type, status, colony_id) VALUES (190, 72, 'Habitat', 3, 98);
INSERT INTO Infrastructure (infrastructure_id, capacity, infrastructure_type, status, colony_id) VALUES (191, 94, 'Greenhouse', 2, 390);
INSERT INTO Infrastructure (infrastructure_id, capacity, infrastructure_type, status, colony_id) VALUES (192, 72, 'Habitat', 1, 354);
INSERT INTO Infrastructure (infrastructure_id, capacity, infrastructure_type, status, colony_id) VALUES (193, 92, 'Habitat', 1, 46);
INSERT INTO Infrastructure (infrastructure_id, capacity, infrastructure_type, status, colony_id) VALUES (194, 22, 'Power Station', 3, 224);
INSERT INTO Infrastructure (infrastructure_id, capacity, infrastructure_type, status, colony_id) VALUES (195, 98, 'Power Station', 1, 311);
INSERT INTO Infrastructure (infrastructure_id, capacity, infrastructure_type, status, colony_id) VALUES (196, 56, 'Research Lab', 3, 166);
INSERT INTO Infrastructure (infrastructure_id, capacity, infrastructure_type, status, colony_id) VALUES (197, 97, 'Habitat', 3, 334);
INSERT INTO Infrastructure (infrastructure_id, capacity, infrastructure_type, status, colony_id) VALUES (198, 72, 'Greenhouse', 1, 323);
INSERT INTO Infrastructure (infrastructure_id, capacity, infrastructure_type, status, colony_id) VALUES (199, 52, 'Power Station', 2, 338);
INSERT INTO Infrastructure (infrastructure_id, capacity, infrastructure_type, status, colony_id) VALUES (200, 94, 'Habitat', 1, 71);
INSERT INTO Infrastructure (infrastructure_id, capacity, infrastructure_type, status, colony_id) VALUES (201, 81, 'Power Station', 2, 112);
INSERT INTO Infrastructure (infrastructure_id, capacity, infrastructure_type, status, colony_id) VALUES (202, 88, 'Greenhouse', 2, 204);
INSERT INTO Infrastructure (infrastructure_id, capacity, infrastructure_type, status, colony_id) VALUES (203, 94, 'Habitat', 2, 266);
INSERT INTO Infrastructure (infrastructure_id, capacity, infrastructure_type, status, colony_id) VALUES (204, 60, 'Research Lab', 2, 116);
INSERT INTO Infrastructure (infrastructure_id, capacity, infrastructure_type, status, colony_id) VALUES (205, 70, 'Research Lab', 1, 388);
INSERT INTO Infrastructure (infrastructure_id, capacity, infrastructure_type, status, colony_id) VALUES (206, 36, 'Greenhouse', 2, 387);
INSERT INTO Infrastructure (infrastructure_id, capacity, infrastructure_type, status, colony_id) VALUES (207, 41, 'Research Lab', 3, 321);
INSERT INTO Infrastructure (infrastructure_id, capacity, infrastructure_type, status, colony_id) VALUES (208, 77, 'Power Station', 1, 85);
INSERT INTO Infrastructure (infrastructure_id, capacity, infrastructure_type, status, colony_id) VALUES (209, 24, 'Habitat', 2, 170);
INSERT INTO Infrastructure (infrastructure_id, capacity, infrastructure_type, status, colony_id) VALUES (210, 48, 'Habitat', 2, 199);
INSERT INTO Infrastructure (infrastructure_id, capacity, infrastructure_type, status, colony_id) VALUES (211, 31, 'Habitat', 1, 14);
INSERT INTO Infrastructure (infrastructure_id, capacity, infrastructure_type, status, colony_id) VALUES (212, 20, 'Habitat', 2, 368);
INSERT INTO Infrastructure (infrastructure_id, capacity, infrastructure_type, status, colony_id) VALUES (213, 36, 'Greenhouse', 2, 172);
INSERT INTO Infrastructure (infrastructure_id, capacity, infrastructure_type, status, colony_id) VALUES (214, 51, 'Greenhouse', 1, 397);
INSERT INTO Infrastructure (infrastructure_id, capacity, infrastructure_type, status, colony_id) VALUES (215, 36, 'Power Station', 2, 1);
INSERT INTO Infrastructure (infrastructure_id, capacity, infrastructure_type, status, colony_id) VALUES (216, 70, 'Habitat', 1, 108);
INSERT INTO Infrastructure (infrastructure_id, capacity, infrastructure_type, status, colony_id) VALUES (217, 26, 'Power Station', 1, 334);
INSERT INTO Infrastructure (infrastructure_id, capacity, infrastructure_type, status, colony_id) VALUES (218, 11, 'Habitat', 3, 225);
INSERT INTO Infrastructure (infrastructure_id, capacity, infrastructure_type, status, colony_id) VALUES (219, 67, 'Power Station', 2, 290);
INSERT INTO Infrastructure (infrastructure_id, capacity, infrastructure_type, status, colony_id) VALUES (220, 35, 'Greenhouse', 3, 98);
INSERT INTO Infrastructure (infrastructure_id, capacity, infrastructure_type, status, colony_id) VALUES (221, 31, 'Greenhouse', 1, 98);
INSERT INTO Infrastructure (infrastructure_id, capacity, infrastructure_type, status, colony_id) VALUES (222, 66, 'Power Station', 1, 378);
INSERT INTO Infrastructure (infrastructure_id, capacity, infrastructure_type, status, colony_id) VALUES (223, 100, 'Habitat', 2, 262);
INSERT INTO Infrastructure (infrastructure_id, capacity, infrastructure_type, status, colony_id) VALUES (224, 20, 'Research Lab', 3, 179);
INSERT INTO Infrastructure (infrastructure_id, capacity, infrastructure_type, status, colony_id) VALUES (225, 28, 'Habitat', 1, 309);
INSERT INTO Infrastructure (infrastructure_id, capacity, infrastructure_type, status, colony_id) VALUES (226, 48, 'Habitat', 3, 200);
INSERT INTO Infrastructure (infrastructure_id, capacity, infrastructure_type, status, colony_id) VALUES (227, 40, 'Research Lab', 1, 342);
INSERT INTO Infrastructure (infrastructure_id, capacity, infrastructure_type, status, colony_id) VALUES (228, 51, 'Power Station', 1, 140);
INSERT INTO Infrastructure (infrastructure_id, capacity, infrastructure_type, status, colony_id) VALUES (229, 32, 'Research Lab', 2, 350);
INSERT INTO Infrastructure (infrastructure_id, capacity, infrastructure_type, status, colony_id) VALUES (230, 11, 'Research Lab', 2, 252);
INSERT INTO Infrastructure (infrastructure_id, capacity, infrastructure_type, status, colony_id) VALUES (231, 100, 'Greenhouse', 3, 196);
INSERT INTO Infrastructure (infrastructure_id, capacity, infrastructure_type, status, colony_id) VALUES (232, 24, 'Research Lab', 2, 9);
INSERT INTO Infrastructure (infrastructure_id, capacity, infrastructure_type, status, colony_id) VALUES (233, 63, 'Power Station', 1, 309);
INSERT INTO Infrastructure (infrastructure_id, capacity, infrastructure_type, status, colony_id) VALUES (234, 100, 'Power Station', 3, 232);
INSERT INTO Infrastructure (infrastructure_id, capacity, infrastructure_type, status, colony_id) VALUES (235, 62, 'Research Lab', 2, 293);
INSERT INTO Infrastructure (infrastructure_id, capacity, infrastructure_type, status, colony_id) VALUES (236, 67, 'Power Station', 2, 368);
INSERT INTO Infrastructure (infrastructure_id, capacity, infrastructure_type, status, colony_id) VALUES (237, 67, 'Habitat', 3, 191);
INSERT INTO Infrastructure (infrastructure_id, capacity, infrastructure_type, status, colony_id) VALUES (238, 62, 'Power Station', 2, 315);
INSERT INTO Infrastructure (infrastructure_id, capacity, infrastructure_type, status, colony_id) VALUES (239, 42, 'Power Station', 3, 393);
INSERT INTO Infrastructure (infrastructure_id, capacity, infrastructure_type, status, colony_id) VALUES (240, 93, 'Habitat', 1, 393);
INSERT INTO Infrastructure (infrastructure_id, capacity, infrastructure_type, status, colony_id) VALUES (241, 38, 'Greenhouse', 3, 11);
INSERT INTO Infrastructure (infrastructure_id, capacity, infrastructure_type, status, colony_id) VALUES (242, 74, 'Power Station', 3, 318);
INSERT INTO Infrastructure (infrastructure_id, capacity, infrastructure_type, status, colony_id) VALUES (243, 14, 'Research Lab', 1, 24);
INSERT INTO Infrastructure (infrastructure_id, capacity, infrastructure_type, status, colony_id) VALUES (244, 95, 'Greenhouse', 1, 378);
INSERT INTO Infrastructure (infrastructure_id, capacity, infrastructure_type, status, colony_id) VALUES (245, 11, 'Power Station', 3, 217);
INSERT INTO Infrastructure (infrastructure_id, capacity, infrastructure_type, status, colony_id) VALUES (246, 29, 'Power Station', 2, 110);
INSERT INTO Infrastructure (infrastructure_id, capacity, infrastructure_type, status, colony_id) VALUES (247, 33, 'Research Lab', 1, 208);
INSERT INTO Infrastructure (infrastructure_id, capacity, infrastructure_type, status, colony_id) VALUES (248, 13, 'Greenhouse', 3, 391);
INSERT INTO Infrastructure (infrastructure_id, capacity, infrastructure_type, status, colony_id) VALUES (249, 71, 'Research Lab', 2, 288);
INSERT INTO Infrastructure (infrastructure_id, capacity, infrastructure_type, status, colony_id) VALUES (250, 58, 'Habitat', 3, 326);
INSERT INTO Infrastructure (infrastructure_id, capacity, infrastructure_type, status, colony_id) VALUES (251, 11, 'Habitat', 1, 365);
INSERT INTO Infrastructure (infrastructure_id, capacity, infrastructure_type, status, colony_id) VALUES (252, 52, 'Habitat', 3, 194);
INSERT INTO Infrastructure (infrastructure_id, capacity, infrastructure_type, status, colony_id) VALUES (253, 21, 'Habitat', 2, 13);
INSERT INTO Infrastructure (infrastructure_id, capacity, infrastructure_type, status, colony_id) VALUES (254, 87, 'Research Lab', 3, 135);
INSERT INTO Infrastructure (infrastructure_id, capacity, infrastructure_type, status, colony_id) VALUES (255, 51, 'Power Station', 2, 282);
INSERT INTO Infrastructure (infrastructure_id, capacity, infrastructure_type, status, colony_id) VALUES (256, 82, 'Greenhouse', 2, 387);
INSERT INTO Infrastructure (infrastructure_id, capacity, infrastructure_type, status, colony_id) VALUES (257, 27, 'Research Lab', 1, 399);
INSERT INTO Infrastructure (infrastructure_id, capacity, infrastructure_type, status, colony_id) VALUES (258, 89, 'Habitat', 3, 382);
INSERT INTO Infrastructure (infrastructure_id, capacity, infrastructure_type, status, colony_id) VALUES (259, 66, 'Research Lab', 2, 220);
INSERT INTO Infrastructure (infrastructure_id, capacity, infrastructure_type, status, colony_id) VALUES (260, 95, 'Greenhouse', 1, 39);
INSERT INTO Infrastructure (infrastructure_id, capacity, infrastructure_type, status, colony_id) VALUES (261, 17, 'Greenhouse', 2, 375);
INSERT INTO Infrastructure (infrastructure_id, capacity, infrastructure_type, status, colony_id) VALUES (262, 68, 'Research Lab', 2, 370);
INSERT INTO Infrastructure (infrastructure_id, capacity, infrastructure_type, status, colony_id) VALUES (263, 38, 'Power Station', 2, 112);
INSERT INTO Infrastructure (infrastructure_id, capacity, infrastructure_type, status, colony_id) VALUES (264, 100, 'Greenhouse', 1, 152);
INSERT INTO Infrastructure (infrastructure_id, capacity, infrastructure_type, status, colony_id) VALUES (265, 27, 'Greenhouse', 3, 66);
INSERT INTO Infrastructure (infrastructure_id, capacity, infrastructure_type, status, colony_id) VALUES (266, 28, 'Habitat', 3, 56);
INSERT INTO Infrastructure (infrastructure_id, capacity, infrastructure_type, status, colony_id) VALUES (267, 72, 'Research Lab', 2, 119);
INSERT INTO Infrastructure (infrastructure_id, capacity, infrastructure_type, status, colony_id) VALUES (268, 97, 'Greenhouse', 3, 152);
INSERT INTO Infrastructure (infrastructure_id, capacity, infrastructure_type, status, colony_id) VALUES (269, 11, 'Research Lab', 2, 174);
INSERT INTO Infrastructure (infrastructure_id, capacity, infrastructure_type, status, colony_id) VALUES (270, 34, 'Research Lab', 1, 342);
INSERT INTO Infrastructure (infrastructure_id, capacity, infrastructure_type, status, colony_id) VALUES (271, 37, 'Habitat', 3, 270);
INSERT INTO Infrastructure (infrastructure_id, capacity, infrastructure_type, status, colony_id) VALUES (272, 76, 'Research Lab', 1, 112);
INSERT INTO Infrastructure (infrastructure_id, capacity, infrastructure_type, status, colony_id) VALUES (273, 36, 'Research Lab', 1, 149);
INSERT INTO Infrastructure (infrastructure_id, capacity, infrastructure_type, status, colony_id) VALUES (274, 10, 'Power Station', 1, 99);
INSERT INTO Infrastructure (infrastructure_id, capacity, infrastructure_type, status, colony_id) VALUES (275, 56, 'Research Lab', 1, 364);
INSERT INTO Infrastructure (infrastructure_id, capacity, infrastructure_type, status, colony_id) VALUES (276, 28, 'Research Lab', 2, 253);
INSERT INTO Infrastructure (infrastructure_id, capacity, infrastructure_type, status, colony_id) VALUES (277, 41, 'Habitat', 3, 271);
INSERT INTO Infrastructure (infrastructure_id, capacity, infrastructure_type, status, colony_id) VALUES (278, 70, 'Power Station', 1, 396);
INSERT INTO Infrastructure (infrastructure_id, capacity, infrastructure_type, status, colony_id) VALUES (279, 45, 'Research Lab', 3, 93);
INSERT INTO Infrastructure (infrastructure_id, capacity, infrastructure_type, status, colony_id) VALUES (280, 84, 'Greenhouse', 1, 317);
INSERT INTO Infrastructure (infrastructure_id, capacity, infrastructure_type, status, colony_id) VALUES (281, 60, 'Power Station', 1, 38);
INSERT INTO Infrastructure (infrastructure_id, capacity, infrastructure_type, status, colony_id) VALUES (282, 96, 'Habitat', 1, 340);
INSERT INTO Infrastructure (infrastructure_id, capacity, infrastructure_type, status, colony_id) VALUES (283, 11, 'Research Lab', 2, 255);
INSERT INTO Infrastructure (infrastructure_id, capacity, infrastructure_type, status, colony_id) VALUES (284, 78, 'Research Lab', 1, 93);
INSERT INTO Infrastructure (infrastructure_id, capacity, infrastructure_type, status, colony_id) VALUES (285, 20, 'Greenhouse', 3, 169);
INSERT INTO Infrastructure (infrastructure_id, capacity, infrastructure_type, status, colony_id) VALUES (286, 23, 'Greenhouse', 1, 268);
INSERT INTO Infrastructure (infrastructure_id, capacity, infrastructure_type, status, colony_id) VALUES (287, 26, 'Habitat', 3, 136);
INSERT INTO Infrastructure (infrastructure_id, capacity, infrastructure_type, status, colony_id) VALUES (288, 23, 'Greenhouse', 3, 360);
INSERT INTO Infrastructure (infrastructure_id, capacity, infrastructure_type, status, colony_id) VALUES (289, 39, 'Habitat', 2, 365);
INSERT INTO Infrastructure (infrastructure_id, capacity, infrastructure_type, status, colony_id) VALUES (290, 41, 'Habitat', 2, 12);
INSERT INTO Infrastructure (infrastructure_id, capacity, infrastructure_type, status, colony_id) VALUES (291, 21, 'Habitat', 2, 191);
INSERT INTO Infrastructure (infrastructure_id, capacity, infrastructure_type, status, colony_id) VALUES (292, 13, 'Habitat', 2, 340);
INSERT INTO Infrastructure (infrastructure_id, capacity, infrastructure_type, status, colony_id) VALUES (293, 41, 'Greenhouse', 3, 173);
INSERT INTO Infrastructure (infrastructure_id, capacity, infrastructure_type, status, colony_id) VALUES (294, 87, 'Power Station', 1, 181);
INSERT INTO Infrastructure (infrastructure_id, capacity, infrastructure_type, status, colony_id) VALUES (295, 30, 'Power Station', 3, 215);
INSERT INTO Infrastructure (infrastructure_id, capacity, infrastructure_type, status, colony_id) VALUES (296, 41, 'Habitat', 2, 71);
INSERT INTO Infrastructure (infrastructure_id, capacity, infrastructure_type, status, colony_id) VALUES (297, 16, 'Research Lab', 1, 348);
INSERT INTO Infrastructure (infrastructure_id, capacity, infrastructure_type, status, colony_id) VALUES (298, 60, 'Greenhouse', 3, 149);
INSERT INTO Infrastructure (infrastructure_id, capacity, infrastructure_type, status, colony_id) VALUES (299, 50, 'Power Station', 2, 110);
INSERT INTO Infrastructure (infrastructure_id, capacity, infrastructure_type, status, colony_id) VALUES (300, 49, 'Research Lab', 2, 57);
INSERT INTO Infrastructure (infrastructure_id, capacity, infrastructure_type, status, colony_id) VALUES (301, 77, 'Greenhouse', 1, 346);
INSERT INTO Infrastructure (infrastructure_id, capacity, infrastructure_type, status, colony_id) VALUES (302, 48, 'Research Lab', 3, 391);
INSERT INTO Infrastructure (infrastructure_id, capacity, infrastructure_type, status, colony_id) VALUES (303, 18, 'Greenhouse', 1, 85);
INSERT INTO Infrastructure (infrastructure_id, capacity, infrastructure_type, status, colony_id) VALUES (304, 100, 'Greenhouse', 2, 227);
INSERT INTO Infrastructure (infrastructure_id, capacity, infrastructure_type, status, colony_id) VALUES (305, 21, 'Habitat', 2, 176);
INSERT INTO Infrastructure (infrastructure_id, capacity, infrastructure_type, status, colony_id) VALUES (306, 76, 'Habitat', 3, 136);
INSERT INTO Infrastructure (infrastructure_id, capacity, infrastructure_type, status, colony_id) VALUES (307, 66, 'Greenhouse', 2, 11);
INSERT INTO Infrastructure (infrastructure_id, capacity, infrastructure_type, status, colony_id) VALUES (308, 35, 'Research Lab', 1, 202);
INSERT INTO Infrastructure (infrastructure_id, capacity, infrastructure_type, status, colony_id) VALUES (309, 49, 'Greenhouse', 3, 397);
INSERT INTO Infrastructure (infrastructure_id, capacity, infrastructure_type, status, colony_id) VALUES (310, 10, 'Power Station', 2, 345);
INSERT INTO Infrastructure (infrastructure_id, capacity, infrastructure_type, status, colony_id) VALUES (311, 50, 'Habitat', 2, 179);
INSERT INTO Infrastructure (infrastructure_id, capacity, infrastructure_type, status, colony_id) VALUES (312, 89, 'Greenhouse', 3, 287);
INSERT INTO Infrastructure (infrastructure_id, capacity, infrastructure_type, status, colony_id) VALUES (313, 41, 'Power Station', 2, 245);
INSERT INTO Infrastructure (infrastructure_id, capacity, infrastructure_type, status, colony_id) VALUES (314, 10, 'Habitat', 2, 236);
INSERT INTO Infrastructure (infrastructure_id, capacity, infrastructure_type, status, colony_id) VALUES (315, 47, 'Research Lab', 1, 69);
INSERT INTO Infrastructure (infrastructure_id, capacity, infrastructure_type, status, colony_id) VALUES (316, 68, 'Greenhouse', 2, 275);
INSERT INTO Infrastructure (infrastructure_id, capacity, infrastructure_type, status, colony_id) VALUES (317, 78, 'Greenhouse', 2, 330);
INSERT INTO Infrastructure (infrastructure_id, capacity, infrastructure_type, status, colony_id) VALUES (318, 12, 'Power Station', 1, 98);
INSERT INTO Infrastructure (infrastructure_id, capacity, infrastructure_type, status, colony_id) VALUES (319, 48, 'Greenhouse', 3, 25);
INSERT INTO Infrastructure (infrastructure_id, capacity, infrastructure_type, status, colony_id) VALUES (320, 51, 'Greenhouse', 1, 378);
INSERT INTO Infrastructure (infrastructure_id, capacity, infrastructure_type, status, colony_id) VALUES (321, 48, 'Research Lab', 2, 181);
INSERT INTO Infrastructure (infrastructure_id, capacity, infrastructure_type, status, colony_id) VALUES (322, 33, 'Greenhouse', 3, 55);
INSERT INTO Infrastructure (infrastructure_id, capacity, infrastructure_type, status, colony_id) VALUES (323, 32, 'Power Station', 1, 187);
INSERT INTO Infrastructure (infrastructure_id, capacity, infrastructure_type, status, colony_id) VALUES (324, 43, 'Research Lab', 3, 100);
INSERT INTO Infrastructure (infrastructure_id, capacity, infrastructure_type, status, colony_id) VALUES (325, 84, 'Power Station', 1, 392);
INSERT INTO Infrastructure (infrastructure_id, capacity, infrastructure_type, status, colony_id) VALUES (326, 93, 'Research Lab', 3, 284);
INSERT INTO Infrastructure (infrastructure_id, capacity, infrastructure_type, status, colony_id) VALUES (327, 85, 'Research Lab', 3, 128);
INSERT INTO Infrastructure (infrastructure_id, capacity, infrastructure_type, status, colony_id) VALUES (328, 49, 'Greenhouse', 2, 237);
INSERT INTO Infrastructure (infrastructure_id, capacity, infrastructure_type, status, colony_id) VALUES (329, 79, 'Habitat', 3, 134);
INSERT INTO Infrastructure (infrastructure_id, capacity, infrastructure_type, status, colony_id) VALUES (330, 21, 'Power Station', 2, 209);
INSERT INTO Infrastructure (infrastructure_id, capacity, infrastructure_type, status, colony_id) VALUES (331, 80, 'Power Station', 1, 373);
INSERT INTO Infrastructure (infrastructure_id, capacity, infrastructure_type, status, colony_id) VALUES (332, 41, 'Greenhouse', 1, 334);
INSERT INTO Infrastructure (infrastructure_id, capacity, infrastructure_type, status, colony_id) VALUES (333, 25, 'Greenhouse', 2, 201);
INSERT INTO Infrastructure (infrastructure_id, capacity, infrastructure_type, status, colony_id) VALUES (334, 84, 'Greenhouse', 1, 247);
INSERT INTO Infrastructure (infrastructure_id, capacity, infrastructure_type, status, colony_id) VALUES (335, 53, 'Research Lab', 3, 119);
INSERT INTO Infrastructure (infrastructure_id, capacity, infrastructure_type, status, colony_id) VALUES (336, 100, 'Greenhouse', 2, 320);
INSERT INTO Infrastructure (infrastructure_id, capacity, infrastructure_type, status, colony_id) VALUES (337, 88, 'Power Station', 2, 211);
INSERT INTO Infrastructure (infrastructure_id, capacity, infrastructure_type, status, colony_id) VALUES (338, 29, 'Power Station', 1, 125);
INSERT INTO Infrastructure (infrastructure_id, capacity, infrastructure_type, status, colony_id) VALUES (339, 55, 'Power Station', 3, 197);
INSERT INTO Infrastructure (infrastructure_id, capacity, infrastructure_type, status, colony_id) VALUES (340, 99, 'Research Lab', 2, 55);
INSERT INTO Infrastructure (infrastructure_id, capacity, infrastructure_type, status, colony_id) VALUES (341, 82, 'Greenhouse', 3, 189);
INSERT INTO Infrastructure (infrastructure_id, capacity, infrastructure_type, status, colony_id) VALUES (342, 29, 'Power Station', 2, 198);
INSERT INTO Infrastructure (infrastructure_id, capacity, infrastructure_type, status, colony_id) VALUES (343, 40, 'Habitat', 3, 151);
INSERT INTO Infrastructure (infrastructure_id, capacity, infrastructure_type, status, colony_id) VALUES (344, 23, 'Greenhouse', 3, 21);
INSERT INTO Infrastructure (infrastructure_id, capacity, infrastructure_type, status, colony_id) VALUES (345, 66, 'Research Lab', 3, 41);
INSERT INTO Infrastructure (infrastructure_id, capacity, infrastructure_type, status, colony_id) VALUES (346, 10, 'Greenhouse', 2, 7);
INSERT INTO Infrastructure (infrastructure_id, capacity, infrastructure_type, status, colony_id) VALUES (347, 24, 'Habitat', 2, 27);
INSERT INTO Infrastructure (infrastructure_id, capacity, infrastructure_type, status, colony_id) VALUES (348, 93, 'Power Station', 3, 346);
INSERT INTO Infrastructure (infrastructure_id, capacity, infrastructure_type, status, colony_id) VALUES (349, 66, 'Power Station', 1, 353);
INSERT INTO Infrastructure (infrastructure_id, capacity, infrastructure_type, status, colony_id) VALUES (350, 12, 'Power Station', 2, 246);
INSERT INTO Infrastructure (infrastructure_id, capacity, infrastructure_type, status, colony_id) VALUES (351, 46, 'Greenhouse', 2, 239);
INSERT INTO Infrastructure (infrastructure_id, capacity, infrastructure_type, status, colony_id) VALUES (352, 50, 'Greenhouse', 2, 153);
INSERT INTO Infrastructure (infrastructure_id, capacity, infrastructure_type, status, colony_id) VALUES (353, 92, 'Greenhouse', 2, 88);
INSERT INTO Infrastructure (infrastructure_id, capacity, infrastructure_type, status, colony_id) VALUES (354, 61, 'Power Station', 2, 36);
INSERT INTO Infrastructure (infrastructure_id, capacity, infrastructure_type, status, colony_id) VALUES (355, 63, 'Habitat', 2, 238);
INSERT INTO Infrastructure (infrastructure_id, capacity, infrastructure_type, status, colony_id) VALUES (356, 83, 'Greenhouse', 1, 146);
INSERT INTO Infrastructure (infrastructure_id, capacity, infrastructure_type, status, colony_id) VALUES (357, 81, 'Power Station', 1, 231);
INSERT INTO Infrastructure (infrastructure_id, capacity, infrastructure_type, status, colony_id) VALUES (358, 36, 'Greenhouse', 1, 173);
INSERT INTO Infrastructure (infrastructure_id, capacity, infrastructure_type, status, colony_id) VALUES (359, 95, 'Greenhouse', 1, 165);
INSERT INTO Infrastructure (infrastructure_id, capacity, infrastructure_type, status, colony_id) VALUES (360, 32, 'Habitat', 1, 291);
INSERT INTO Infrastructure (infrastructure_id, capacity, infrastructure_type, status, colony_id) VALUES (361, 12, 'Habitat', 1, 216);
INSERT INTO Infrastructure (infrastructure_id, capacity, infrastructure_type, status, colony_id) VALUES (362, 77, 'Power Station', 3, 265);
INSERT INTO Infrastructure (infrastructure_id, capacity, infrastructure_type, status, colony_id) VALUES (363, 33, 'Habitat', 1, 309);
INSERT INTO Infrastructure (infrastructure_id, capacity, infrastructure_type, status, colony_id) VALUES (364, 68, 'Habitat', 2, 80);
INSERT INTO Infrastructure (infrastructure_id, capacity, infrastructure_type, status, colony_id) VALUES (365, 47, 'Research Lab', 1, 318);
INSERT INTO Infrastructure (infrastructure_id, capacity, infrastructure_type, status, colony_id) VALUES (366, 11, 'Greenhouse', 2, 221);
INSERT INTO Infrastructure (infrastructure_id, capacity, infrastructure_type, status, colony_id) VALUES (367, 74, 'Power Station', 1, 144);
INSERT INTO Infrastructure (infrastructure_id, capacity, infrastructure_type, status, colony_id) VALUES (368, 47, 'Habitat', 2, 107);
INSERT INTO Infrastructure (infrastructure_id, capacity, infrastructure_type, status, colony_id) VALUES (369, 13, 'Power Station', 2, 103);
INSERT INTO Infrastructure (infrastructure_id, capacity, infrastructure_type, status, colony_id) VALUES (370, 90, 'Greenhouse', 3, 388);
INSERT INTO Infrastructure (infrastructure_id, capacity, infrastructure_type, status, colony_id) VALUES (371, 14, 'Habitat', 2, 328);
INSERT INTO Infrastructure (infrastructure_id, capacity, infrastructure_type, status, colony_id) VALUES (372, 58, 'Power Station', 2, 272);
INSERT INTO Infrastructure (infrastructure_id, capacity, infrastructure_type, status, colony_id) VALUES (373, 24, 'Habitat', 1, 55);
INSERT INTO Infrastructure (infrastructure_id, capacity, infrastructure_type, status, colony_id) VALUES (374, 73, 'Research Lab', 3, 298);
INSERT INTO Infrastructure (infrastructure_id, capacity, infrastructure_type, status, colony_id) VALUES (375, 82, 'Research Lab', 1, 229);
INSERT INTO Infrastructure (infrastructure_id, capacity, infrastructure_type, status, colony_id) VALUES (376, 11, 'Greenhouse', 3, 289);
INSERT INTO Infrastructure (infrastructure_id, capacity, infrastructure_type, status, colony_id) VALUES (377, 13, 'Habitat', 1, 15);
INSERT INTO Infrastructure (infrastructure_id, capacity, infrastructure_type, status, colony_id) VALUES (378, 64, 'Research Lab', 2, 267);
INSERT INTO Infrastructure (infrastructure_id, capacity, infrastructure_type, status, colony_id) VALUES (379, 68, 'Research Lab', 3, 110);
INSERT INTO Infrastructure (infrastructure_id, capacity, infrastructure_type, status, colony_id) VALUES (380, 43, 'Habitat', 3, 125);
INSERT INTO Infrastructure (infrastructure_id, capacity, infrastructure_type, status, colony_id) VALUES (381, 11, 'Power Station', 1, 84);
INSERT INTO Infrastructure (infrastructure_id, capacity, infrastructure_type, status, colony_id) VALUES (382, 60, 'Habitat', 1, 85);
INSERT INTO Infrastructure (infrastructure_id, capacity, infrastructure_type, status, colony_id) VALUES (383, 38, 'Power Station', 1, 170);
INSERT INTO Infrastructure (infrastructure_id, capacity, infrastructure_type, status, colony_id) VALUES (384, 75, 'Habitat', 2, 227);
INSERT INTO Infrastructure (infrastructure_id, capacity, infrastructure_type, status, colony_id) VALUES (385, 69, 'Greenhouse', 2, 29);
INSERT INTO Infrastructure (infrastructure_id, capacity, infrastructure_type, status, colony_id) VALUES (386, 70, 'Greenhouse', 1, 312);
INSERT INTO Infrastructure (infrastructure_id, capacity, infrastructure_type, status, colony_id) VALUES (387, 33, 'Habitat', 3, 188);
INSERT INTO Infrastructure (infrastructure_id, capacity, infrastructure_type, status, colony_id) VALUES (388, 77, 'Greenhouse', 3, 159);
INSERT INTO Infrastructure (infrastructure_id, capacity, infrastructure_type, status, colony_id) VALUES (389, 27, 'Power Station', 2, 148);
INSERT INTO Infrastructure (infrastructure_id, capacity, infrastructure_type, status, colony_id) VALUES (390, 49, 'Research Lab', 2, 242);
INSERT INTO Infrastructure (infrastructure_id, capacity, infrastructure_type, status, colony_id) VALUES (391, 95, 'Research Lab', 3, 178);
INSERT INTO Infrastructure (infrastructure_id, capacity, infrastructure_type, status, colony_id) VALUES (392, 71, 'Greenhouse', 3, 95);
INSERT INTO Infrastructure (infrastructure_id, capacity, infrastructure_type, status, colony_id) VALUES (393, 16, 'Research Lab', 3, 3);
INSERT INTO Infrastructure (infrastructure_id, capacity, infrastructure_type, status, colony_id) VALUES (394, 37, 'Research Lab', 3, 56);
INSERT INTO Infrastructure (infrastructure_id, capacity, infrastructure_type, status, colony_id) VALUES (395, 19, 'Power Station', 1, 207);
INSERT INTO Infrastructure (infrastructure_id, capacity, infrastructure_type, status, colony_id) VALUES (396, 15, 'Research Lab', 3, 61);
INSERT INTO Infrastructure (infrastructure_id, capacity, infrastructure_type, status, colony_id) VALUES (397, 29, 'Habitat', 1, 10);
INSERT INTO Infrastructure (infrastructure_id, capacity, infrastructure_type, status, colony_id) VALUES (398, 34, 'Greenhouse', 1, 158);
INSERT INTO Infrastructure (infrastructure_id, capacity, infrastructure_type, status, colony_id) VALUES (399, 10, 'Greenhouse', 2, 324);
INSERT INTO Infrastructure (infrastructure_id, capacity, infrastructure_type, status, colony_id) VALUES (400, 78, 'Greenhouse', 1, 115);
INSERT INTO Uses (mission_id, equipment_id) VALUES (239, 40);
INSERT INTO Uses (mission_id, equipment_id) VALUES (302, 307);
INSERT INTO Uses (mission_id, equipment_id) VALUES (66, 146);
INSERT INTO Uses (mission_id, equipment_id) VALUES (370, 319);
INSERT INTO Uses (mission_id, equipment_id) VALUES (388, 200);
INSERT INTO Uses (mission_id, equipment_id) VALUES (247, 54);
INSERT INTO Uses (mission_id, equipment_id) VALUES (173, 182);
INSERT INTO Uses (mission_id, equipment_id) VALUES (28, 194);
INSERT INTO Uses (mission_id, equipment_id) VALUES (273, 84);
INSERT INTO Uses (mission_id, equipment_id) VALUES (154, 264);
INSERT INTO Uses (mission_id, equipment_id) VALUES (72, 281);
INSERT INTO Uses (mission_id, equipment_id) VALUES (81, 22);
INSERT INTO Uses (mission_id, equipment_id) VALUES (199, 264);
INSERT INTO Uses (mission_id, equipment_id) VALUES (342, 381);
INSERT INTO Uses (mission_id, equipment_id) VALUES (339, 32);
INSERT INTO Uses (mission_id, equipment_id) VALUES (73, 96);
INSERT INTO Uses (mission_id, equipment_id) VALUES (89, 78);
INSERT INTO Uses (mission_id, equipment_id) VALUES (350, 60);
INSERT INTO Uses (mission_id, equipment_id) VALUES (193, 172);
INSERT INTO Uses (mission_id, equipment_id) VALUES (298, 128);
INSERT INTO Uses (mission_id, equipment_id) VALUES (236, 180);
INSERT INTO Uses (mission_id, equipment_id) VALUES (348, 377);
INSERT INTO Uses (mission_id, equipment_id) VALUES (283, 137);
INSERT INTO Uses (mission_id, equipment_id) VALUES (18, 343);
INSERT INTO Uses (mission_id, equipment_id) VALUES (75, 36);
INSERT INTO Uses (mission_id, equipment_id) VALUES (109, 91);
INSERT INTO Uses (mission_id, equipment_id) VALUES (262, 2);
INSERT INTO Uses (mission_id, equipment_id) VALUES (28, 375);
INSERT INTO Uses (mission_id, equipment_id) VALUES (85, 166);
INSERT INTO Uses (mission_id, equipment_id) VALUES (214, 76);
INSERT INTO Uses (mission_id, equipment_id) VALUES (194, 254);
INSERT INTO Uses (mission_id, equipment_id) VALUES (238, 371);
INSERT INTO Uses (mission_id, equipment_id) VALUES (33, 296);
INSERT INTO Uses (mission_id, equipment_id) VALUES (34, 281);
INSERT INTO Uses (mission_id, equipment_id) VALUES (288, 67);
INSERT INTO Uses (mission_id, equipment_id) VALUES (294, 87);
INSERT INTO Uses (mission_id, equipment_id) VALUES (266, 281);
INSERT INTO Uses (mission_id, equipment_id) VALUES (50, 189);
INSERT INTO Uses (mission_id, equipment_id) VALUES (87, 14);
INSERT INTO Uses (mission_id, equipment_id) VALUES (353, 37);
INSERT INTO Uses (mission_id, equipment_id) VALUES (11, 97);
INSERT INTO Uses (mission_id, equipment_id) VALUES (187, 143);
INSERT INTO Uses (mission_id, equipment_id) VALUES (227, 292);
INSERT INTO Uses (mission_id, equipment_id) VALUES (84, 334);
INSERT INTO Uses (mission_id, equipment_id) VALUES (141, 138);
INSERT INTO Uses (mission_id, equipment_id) VALUES (106, 311);
INSERT INTO Uses (mission_id, equipment_id) VALUES (84, 261);
INSERT INTO Uses (mission_id, equipment_id) VALUES (293, 209);
INSERT INTO Uses (mission_id, equipment_id) VALUES (242, 334);
INSERT INTO Uses (mission_id, equipment_id) VALUES (54, 16);
INSERT INTO Uses (mission_id, equipment_id) VALUES (141, 51);
INSERT INTO Uses (mission_id, equipment_id) VALUES (216, 168);
INSERT INTO Uses (mission_id, equipment_id) VALUES (154, 112);
INSERT INTO Uses (mission_id, equipment_id) VALUES (329, 359);
INSERT INTO Uses (mission_id, equipment_id) VALUES (25, 354);
INSERT INTO Uses (mission_id, equipment_id) VALUES (221, 271);
INSERT INTO Uses (mission_id, equipment_id) VALUES (251, 358);
INSERT INTO Uses (mission_id, equipment_id) VALUES (60, 195);
INSERT INTO Uses (mission_id, equipment_id) VALUES (359, 69);
INSERT INTO Uses (mission_id, equipment_id) VALUES (2, 6);
INSERT INTO Uses (mission_id, equipment_id) VALUES (232, 111);
INSERT INTO Uses (mission_id, equipment_id) VALUES (371, 215);
INSERT INTO Uses (mission_id, equipment_id) VALUES (30, 277);
INSERT INTO Uses (mission_id, equipment_id) VALUES (282, 264);
INSERT INTO Uses (mission_id, equipment_id) VALUES (225, 361);
INSERT INTO Uses (mission_id, equipment_id) VALUES (33, 135);
INSERT INTO Uses (mission_id, equipment_id) VALUES (353, 186);
INSERT INTO Uses (mission_id, equipment_id) VALUES (285, 143);
INSERT INTO Uses (mission_id, equipment_id) VALUES (7, 112);
INSERT INTO Uses (mission_id, equipment_id) VALUES (88, 147);
INSERT INTO Uses (mission_id, equipment_id) VALUES (96, 201);
INSERT INTO Uses (mission_id, equipment_id) VALUES (40, 314);
INSERT INTO Uses (mission_id, equipment_id) VALUES (373, 324);
INSERT INTO Uses (mission_id, equipment_id) VALUES (128, 191);
INSERT INTO Uses (mission_id, equipment_id) VALUES (46, 9);
INSERT INTO Uses (mission_id, equipment_id) VALUES (228, 191);
INSERT INTO Uses (mission_id, equipment_id) VALUES (192, 131);
INSERT INTO Uses (mission_id, equipment_id) VALUES (27, 266);
INSERT INTO Uses (mission_id, equipment_id) VALUES (31, 240);
INSERT INTO Uses (mission_id, equipment_id) VALUES (178, 131);
INSERT INTO Uses (mission_id, equipment_id) VALUES (197, 32);
INSERT INTO Uses (mission_id, equipment_id) VALUES (337, 271);
INSERT INTO Uses (mission_id, equipment_id) VALUES (275, 211);
INSERT INTO Uses (mission_id, equipment_id) VALUES (127, 106);
INSERT INTO Uses (mission_id, equipment_id) VALUES (92, 81);
INSERT INTO Uses (mission_id, equipment_id) VALUES (191, 187);
INSERT INTO Uses (mission_id, equipment_id) VALUES (255, 122);
INSERT INTO Uses (mission_id, equipment_id) VALUES (165, 136);
INSERT INTO Uses (mission_id, equipment_id) VALUES (244, 175);
INSERT INTO Uses (mission_id, equipment_id) VALUES (172, 21);
INSERT INTO Uses (mission_id, equipment_id) VALUES (76, 119);
INSERT INTO Uses (mission_id, equipment_id) VALUES (318, 313);
INSERT INTO Uses (mission_id, equipment_id) VALUES (217, 234);
INSERT INTO Uses (mission_id, equipment_id) VALUES (2, 56);
INSERT INTO Uses (mission_id, equipment_id) VALUES (127, 314);
INSERT INTO Uses (mission_id, equipment_id) VALUES (7, 92);
INSERT INTO Uses (mission_id, equipment_id) VALUES (232, 270);
INSERT INTO Uses (mission_id, equipment_id) VALUES (233, 176);
INSERT INTO Uses (mission_id, equipment_id) VALUES (212, 281);
INSERT INTO Uses (mission_id, equipment_id) VALUES (247, 32);
INSERT INTO Uses (mission_id, equipment_id) VALUES (93, 307);
INSERT INTO Uses (mission_id, equipment_id) VALUES (321, 391);
INSERT INTO Uses (mission_id, equipment_id) VALUES (313, 163);
INSERT INTO Uses (mission_id, equipment_id) VALUES (344, 309);
INSERT INTO Uses (mission_id, equipment_id) VALUES (86, 73);
INSERT INTO Uses (mission_id, equipment_id) VALUES (298, 304);
INSERT INTO Uses (mission_id, equipment_id) VALUES (66, 325);
INSERT INTO Uses (mission_id, equipment_id) VALUES (263, 332);
INSERT INTO Uses (mission_id, equipment_id) VALUES (53, 8);
INSERT INTO Uses (mission_id, equipment_id) VALUES (33, 32);
INSERT INTO Uses (mission_id, equipment_id) VALUES (294, 84);
INSERT INTO Uses (mission_id, equipment_id) VALUES (12, 397);
INSERT INTO Uses (mission_id, equipment_id) VALUES (27, 254);
INSERT INTO Uses (mission_id, equipment_id) VALUES (122, 134);
INSERT INTO Uses (mission_id, equipment_id) VALUES (290, 387);
INSERT INTO Uses (mission_id, equipment_id) VALUES (199, 321);
INSERT INTO Uses (mission_id, equipment_id) VALUES (296, 369);
INSERT INTO Uses (mission_id, equipment_id) VALUES (105, 400);
INSERT INTO Uses (mission_id, equipment_id) VALUES (268, 248);
INSERT INTO Uses (mission_id, equipment_id) VALUES (341, 337);
INSERT INTO Uses (mission_id, equipment_id) VALUES (63, 197);
INSERT INTO Uses (mission_id, equipment_id) VALUES (129, 309);
INSERT INTO Uses (mission_id, equipment_id) VALUES (197, 212);
INSERT INTO Uses (mission_id, equipment_id) VALUES (283, 19);
INSERT INTO Uses (mission_id, equipment_id) VALUES (270, 346);
INSERT INTO Uses (mission_id, equipment_id) VALUES (318, 179);
INSERT INTO Uses (mission_id, equipment_id) VALUES (334, 41);
INSERT INTO Uses (mission_id, equipment_id) VALUES (114, 279);
INSERT INTO Uses (mission_id, equipment_id) VALUES (136, 361);
INSERT INTO Uses (mission_id, equipment_id) VALUES (288, 166);
INSERT INTO Uses (mission_id, equipment_id) VALUES (237, 2);
INSERT INTO Uses (mission_id, equipment_id) VALUES (337, 68);
INSERT INTO Uses (mission_id, equipment_id) VALUES (200, 148);
INSERT INTO Uses (mission_id, equipment_id) VALUES (316, 254);
INSERT INTO Uses (mission_id, equipment_id) VALUES (365, 322);
INSERT INTO Uses (mission_id, equipment_id) VALUES (81, 143);
INSERT INTO Uses (mission_id, equipment_id) VALUES (109, 250);
INSERT INTO Uses (mission_id, equipment_id) VALUES (274, 355);
INSERT INTO Uses (mission_id, equipment_id) VALUES (75, 45);
INSERT INTO Uses (mission_id, equipment_id) VALUES (84, 1);
INSERT INTO Uses (mission_id, equipment_id) VALUES (360, 252);
INSERT INTO Uses (mission_id, equipment_id) VALUES (108, 274);
INSERT INTO Uses (mission_id, equipment_id) VALUES (216, 395);
INSERT INTO Uses (mission_id, equipment_id) VALUES (76, 270);
INSERT INTO Uses (mission_id, equipment_id) VALUES (126, 188);
INSERT INTO Uses (mission_id, equipment_id) VALUES (301, 65);
INSERT INTO Uses (mission_id, equipment_id) VALUES (350, 151);
INSERT INTO Uses (mission_id, equipment_id) VALUES (362, 224);
INSERT INTO Uses (mission_id, equipment_id) VALUES (23, 125);
INSERT INTO Uses (mission_id, equipment_id) VALUES (329, 347);
INSERT INTO Uses (mission_id, equipment_id) VALUES (18, 111);
INSERT INTO Uses (mission_id, equipment_id) VALUES (343, 353);
INSERT INTO Uses (mission_id, equipment_id) VALUES (108, 15);
INSERT INTO Uses (mission_id, equipment_id) VALUES (189, 85);
INSERT INTO Uses (mission_id, equipment_id) VALUES (84, 47);
INSERT INTO Uses (mission_id, equipment_id) VALUES (155, 139);
INSERT INTO Uses (mission_id, equipment_id) VALUES (70, 31);
INSERT INTO Uses (mission_id, equipment_id) VALUES (154, 138);
INSERT INTO Uses (mission_id, equipment_id) VALUES (306, 38);
INSERT INTO Uses (mission_id, equipment_id) VALUES (337, 237);
INSERT INTO Uses (mission_id, equipment_id) VALUES (107, 172);
INSERT INTO Uses (mission_id, equipment_id) VALUES (198, 277);
INSERT INTO Uses (mission_id, equipment_id) VALUES (94, 349);
INSERT INTO Uses (mission_id, equipment_id) VALUES (42, 278);
INSERT INTO Uses (mission_id, equipment_id) VALUES (321, 155);
INSERT INTO Uses (mission_id, equipment_id) VALUES (300, 73);
INSERT INTO Uses (mission_id, equipment_id) VALUES (305, 133);
INSERT INTO Uses (mission_id, equipment_id) VALUES (174, 273);
INSERT INTO Uses (mission_id, equipment_id) VALUES (248, 136);
INSERT INTO Uses (mission_id, equipment_id) VALUES (17, 309);
INSERT INTO Uses (mission_id, equipment_id) VALUES (131, 202);
INSERT INTO Uses (mission_id, equipment_id) VALUES (256, 156);
INSERT INTO Uses (mission_id, equipment_id) VALUES (14, 208);
INSERT INTO Uses (mission_id, equipment_id) VALUES (198, 131);
INSERT INTO Uses (mission_id, equipment_id) VALUES (202, 72);
INSERT INTO Uses (mission_id, equipment_id) VALUES (137, 296);
INSERT INTO Uses (mission_id, equipment_id) VALUES (219, 374);
INSERT INTO Uses (mission_id, equipment_id) VALUES (56, 157);
INSERT INTO Uses (mission_id, equipment_id) VALUES (382, 44);
INSERT INTO Uses (mission_id, equipment_id) VALUES (348, 226);
INSERT INTO Uses (mission_id, equipment_id) VALUES (376, 211);
INSERT INTO Uses (mission_id, equipment_id) VALUES (37, 142);
INSERT INTO Uses (mission_id, equipment_id) VALUES (236, 65);
INSERT INTO Uses (mission_id, equipment_id) VALUES (178, 253);
INSERT INTO Uses (mission_id, equipment_id) VALUES (297, 16);
INSERT INTO Uses (mission_id, equipment_id) VALUES (339, 65);
INSERT INTO Uses (mission_id, equipment_id) VALUES (171, 37);
INSERT INTO Uses (mission_id, equipment_id) VALUES (59, 121);
INSERT INTO Uses (mission_id, equipment_id) VALUES (29, 4);
INSERT INTO Uses (mission_id, equipment_id) VALUES (151, 126);
INSERT INTO Uses (mission_id, equipment_id) VALUES (136, 113);
INSERT INTO Uses (mission_id, equipment_id) VALUES (353, 287);
INSERT INTO Uses (mission_id, equipment_id) VALUES (221, 286);
INSERT INTO Uses (mission_id, equipment_id) VALUES (133, 109);
INSERT INTO Uses (mission_id, equipment_id) VALUES (193, 318);
INSERT INTO Uses (mission_id, equipment_id) VALUES (240, 312);
INSERT INTO Uses (mission_id, equipment_id) VALUES (382, 187);
INSERT INTO Uses (mission_id, equipment_id) VALUES (124, 46);
INSERT INTO Uses (mission_id, equipment_id) VALUES (331, 171);
INSERT INTO Uses (mission_id, equipment_id) VALUES (60, 59);
INSERT INTO Uses (mission_id, equipment_id) VALUES (134, 328);
INSERT INTO Uses (mission_id, equipment_id) VALUES (39, 313);
INSERT INTO Uses (mission_id, equipment_id) VALUES (94, 372);
INSERT INTO Uses (mission_id, equipment_id) VALUES (184, 370);
INSERT INTO Uses (mission_id, equipment_id) VALUES (118, 234);
INSERT INTO Uses (mission_id, equipment_id) VALUES (376, 286);
INSERT INTO Uses (mission_id, equipment_id) VALUES (281, 154);
INSERT INTO Uses (mission_id, equipment_id) VALUES (70, 373);
INSERT INTO Uses (mission_id, equipment_id) VALUES (332, 92);
INSERT INTO Uses (mission_id, equipment_id) VALUES (257, 395);
INSERT INTO Uses (mission_id, equipment_id) VALUES (363, 46);
INSERT INTO Uses (mission_id, equipment_id) VALUES (335, 56);
INSERT INTO Uses (mission_id, equipment_id) VALUES (321, 336);
INSERT INTO Uses (mission_id, equipment_id) VALUES (245, 27);
INSERT INTO Uses (mission_id, equipment_id) VALUES (268, 303);
INSERT INTO Uses (mission_id, equipment_id) VALUES (36, 37);
INSERT INTO Uses (mission_id, equipment_id) VALUES (396, 311);
INSERT INTO Uses (mission_id, equipment_id) VALUES (290, 53);
INSERT INTO Uses (mission_id, equipment_id) VALUES (238, 336);
INSERT INTO Uses (mission_id, equipment_id) VALUES (34, 116);
INSERT INTO Uses (mission_id, equipment_id) VALUES (12, 141);
INSERT INTO Uses (mission_id, equipment_id) VALUES (168, 187);
INSERT INTO Uses (mission_id, equipment_id) VALUES (144, 302);
INSERT INTO Uses (mission_id, equipment_id) VALUES (326, 319);
INSERT INTO Uses (mission_id, equipment_id) VALUES (361, 144);
INSERT INTO Uses (mission_id, equipment_id) VALUES (381, 91);
INSERT INTO Uses (mission_id, equipment_id) VALUES (4, 166);
INSERT INTO Uses (mission_id, equipment_id) VALUES (18, 248);
INSERT INTO Uses (mission_id, equipment_id) VALUES (149, 363);
INSERT INTO Uses (mission_id, equipment_id) VALUES (387, 61);
INSERT INTO Uses (mission_id, equipment_id) VALUES (195, 396);
INSERT INTO Uses (mission_id, equipment_id) VALUES (320, 370);
INSERT INTO Uses (mission_id, equipment_id) VALUES (246, 390);
INSERT INTO Uses (mission_id, equipment_id) VALUES (134, 8);
INSERT INTO Uses (mission_id, equipment_id) VALUES (92, 193);
INSERT INTO Uses (mission_id, equipment_id) VALUES (223, 65);
INSERT INTO Uses (mission_id, equipment_id) VALUES (197, 154);
INSERT INTO Uses (mission_id, equipment_id) VALUES (69, 186);
INSERT INTO Uses (mission_id, equipment_id) VALUES (272, 216);
INSERT INTO Uses (mission_id, equipment_id) VALUES (177, 94);
INSERT INTO Uses (mission_id, equipment_id) VALUES (220, 353);
INSERT INTO Uses (mission_id, equipment_id) VALUES (272, 179);
INSERT INTO Uses (mission_id, equipment_id) VALUES (244, 162);
INSERT INTO Uses (mission_id, equipment_id) VALUES (313, 149);
INSERT INTO Uses (mission_id, equipment_id) VALUES (141, 255);
INSERT INTO Uses (mission_id, equipment_id) VALUES (382, 255);
INSERT INTO Uses (mission_id, equipment_id) VALUES (116, 354);
INSERT INTO Uses (mission_id, equipment_id) VALUES (280, 120);
INSERT INTO Uses (mission_id, equipment_id) VALUES (207, 38);
INSERT INTO Uses (mission_id, equipment_id) VALUES (17, 192);
INSERT INTO Uses (mission_id, equipment_id) VALUES (175, 381);
INSERT INTO Uses (mission_id, equipment_id) VALUES (15, 279);
INSERT INTO Uses (mission_id, equipment_id) VALUES (189, 40);
INSERT INTO Uses (mission_id, equipment_id) VALUES (341, 49);
INSERT INTO Uses (mission_id, equipment_id) VALUES (339, 83);
INSERT INTO Uses (mission_id, equipment_id) VALUES (301, 81);
INSERT INTO Uses (mission_id, equipment_id) VALUES (207, 1);
INSERT INTO Uses (mission_id, equipment_id) VALUES (51, 280);
INSERT INTO Uses (mission_id, equipment_id) VALUES (302, 231);
INSERT INTO Uses (mission_id, equipment_id) VALUES (50, 339);
INSERT INTO Uses (mission_id, equipment_id) VALUES (190, 176);
INSERT INTO Uses (mission_id, equipment_id) VALUES (132, 22);
INSERT INTO Uses (mission_id, equipment_id) VALUES (228, 278);
INSERT INTO Uses (mission_id, equipment_id) VALUES (348, 353);
INSERT INTO Uses (mission_id, equipment_id) VALUES (156, 399);
INSERT INTO Uses (mission_id, equipment_id) VALUES (254, 64);
INSERT INTO Uses (mission_id, equipment_id) VALUES (130, 1);
INSERT INTO Uses (mission_id, equipment_id) VALUES (218, 109);
INSERT INTO Uses (mission_id, equipment_id) VALUES (90, 234);
INSERT INTO Uses (mission_id, equipment_id) VALUES (195, 25);
INSERT INTO Uses (mission_id, equipment_id) VALUES (369, 12);
INSERT INTO Uses (mission_id, equipment_id) VALUES (376, 197);
INSERT INTO Uses (mission_id, equipment_id) VALUES (393, 12);
INSERT INTO Uses (mission_id, equipment_id) VALUES (215, 54);
INSERT INTO Uses (mission_id, equipment_id) VALUES (213, 298);
INSERT INTO Uses (mission_id, equipment_id) VALUES (341, 118);
INSERT INTO Uses (mission_id, equipment_id) VALUES (303, 388);
INSERT INTO Uses (mission_id, equipment_id) VALUES (132, 356);
INSERT INTO Uses (mission_id, equipment_id) VALUES (32, 379);
INSERT INTO Uses (mission_id, equipment_id) VALUES (76, 212);
INSERT INTO Uses (mission_id, equipment_id) VALUES (159, 87);
INSERT INTO Uses (mission_id, equipment_id) VALUES (70, 306);
INSERT INTO Uses (mission_id, equipment_id) VALUES (111, 165);
INSERT INTO Uses (mission_id, equipment_id) VALUES (170, 216);
INSERT INTO Uses (mission_id, equipment_id) VALUES (281, 100);
INSERT INTO Uses (mission_id, equipment_id) VALUES (84, 67);
INSERT INTO Uses (mission_id, equipment_id) VALUES (376, 322);
INSERT INTO Uses (mission_id, equipment_id) VALUES (244, 247);
INSERT INTO Uses (mission_id, equipment_id) VALUES (2, 389);
INSERT INTO Uses (mission_id, equipment_id) VALUES (202, 228);
INSERT INTO Uses (mission_id, equipment_id) VALUES (3, 348);
INSERT INTO Uses (mission_id, equipment_id) VALUES (240, 111);
INSERT INTO Uses (mission_id, equipment_id) VALUES (176, 221);
INSERT INTO Uses (mission_id, equipment_id) VALUES (59, 222);
INSERT INTO Uses (mission_id, equipment_id) VALUES (241, 287);
INSERT INTO Uses (mission_id, equipment_id) VALUES (65, 253);
INSERT INTO Uses (mission_id, equipment_id) VALUES (260, 169);
INSERT INTO Uses (mission_id, equipment_id) VALUES (171, 321);
INSERT INTO Uses (mission_id, equipment_id) VALUES (381, 225);
INSERT INTO Uses (mission_id, equipment_id) VALUES (363, 87);
INSERT INTO Uses (mission_id, equipment_id) VALUES (192, 190);
INSERT INTO Uses (mission_id, equipment_id) VALUES (365, 283);
INSERT INTO Uses (mission_id, equipment_id) VALUES (335, 24);
INSERT INTO Uses (mission_id, equipment_id) VALUES (38, 60);
INSERT INTO Uses (mission_id, equipment_id) VALUES (186, 94);
INSERT INTO Uses (mission_id, equipment_id) VALUES (76, 28);
INSERT INTO Uses (mission_id, equipment_id) VALUES (333, 296);
INSERT INTO Uses (mission_id, equipment_id) VALUES (276, 279);
INSERT INTO Uses (mission_id, equipment_id) VALUES (31, 231);
INSERT INTO Uses (mission_id, equipment_id) VALUES (377, 340);
INSERT INTO Uses (mission_id, equipment_id) VALUES (288, 295);
INSERT INTO Uses (mission_id, equipment_id) VALUES (333, 1);
INSERT INTO Uses (mission_id, equipment_id) VALUES (227, 199);
INSERT INTO Uses (mission_id, equipment_id) VALUES (350, 4);
INSERT INTO Uses (mission_id, equipment_id) VALUES (104, 349);
INSERT INTO Uses (mission_id, equipment_id) VALUES (72, 336);
INSERT INTO Uses (mission_id, equipment_id) VALUES (316, 302);
INSERT INTO Uses (mission_id, equipment_id) VALUES (342, 344);
INSERT INTO Uses (mission_id, equipment_id) VALUES (373, 111);
INSERT INTO Uses (mission_id, equipment_id) VALUES (207, 345);
INSERT INTO Uses (mission_id, equipment_id) VALUES (91, 67);
INSERT INTO Uses (mission_id, equipment_id) VALUES (133, 286);
INSERT INTO Uses (mission_id, equipment_id) VALUES (76, 200);
INSERT INTO Uses (mission_id, equipment_id) VALUES (278, 358);
INSERT INTO Uses (mission_id, equipment_id) VALUES (333, 24);
INSERT INTO Uses (mission_id, equipment_id) VALUES (345, 223);
INSERT INTO Uses (mission_id, equipment_id) VALUES (161, 267);
INSERT INTO Uses (mission_id, equipment_id) VALUES (34, 400);
INSERT INTO Uses (mission_id, equipment_id) VALUES (99, 328);
INSERT INTO Uses (mission_id, equipment_id) VALUES (350, 281);
INSERT INTO Uses (mission_id, equipment_id) VALUES (237, 364);
INSERT INTO Uses (mission_id, equipment_id) VALUES (246, 262);
INSERT INTO Uses (mission_id, equipment_id) VALUES (108, 307);
INSERT INTO Uses (mission_id, equipment_id) VALUES (217, 359);
INSERT INTO Uses (mission_id, equipment_id) VALUES (245, 207);
INSERT INTO Uses (mission_id, equipment_id) VALUES (344, 113);
INSERT INTO Uses (mission_id, equipment_id) VALUES (47, 106);
INSERT INTO Uses (mission_id, equipment_id) VALUES (369, 87);
INSERT INTO Uses (mission_id, equipment_id) VALUES (392, 324);
INSERT INTO Uses (mission_id, equipment_id) VALUES (282, 260);
INSERT INTO Uses (mission_id, equipment_id) VALUES (338, 192);
INSERT INTO Uses (mission_id, equipment_id) VALUES (114, 350);
INSERT INTO Uses (mission_id, equipment_id) VALUES (194, 346);
INSERT INTO Uses (mission_id, equipment_id) VALUES (119, 217);
INSERT INTO Uses (mission_id, equipment_id) VALUES (195, 74);
INSERT INTO Uses (mission_id, equipment_id) VALUES (124, 208);
INSERT INTO Uses (mission_id, equipment_id) VALUES (380, 193);
INSERT INTO Uses (mission_id, equipment_id) VALUES (66, 5);
INSERT INTO Uses (mission_id, equipment_id) VALUES (137, 228);
INSERT INTO Uses (mission_id, equipment_id) VALUES (100, 351);
INSERT INTO Uses (mission_id, equipment_id) VALUES (309, 15);
INSERT INTO Uses (mission_id, equipment_id) VALUES (102, 153);
INSERT INTO Uses (mission_id, equipment_id) VALUES (197, 385);
INSERT INTO Uses (mission_id, equipment_id) VALUES (377, 114);
INSERT INTO Uses (mission_id, equipment_id) VALUES (100, 292);
INSERT INTO Uses (mission_id, equipment_id) VALUES (226, 354);
INSERT INTO Uses (mission_id, equipment_id) VALUES (126, 63);
INSERT INTO Uses (mission_id, equipment_id) VALUES (295, 219);
INSERT INTO Uses (mission_id, equipment_id) VALUES (256, 327);
INSERT INTO Uses (mission_id, equipment_id) VALUES (318, 372);
INSERT INTO Uses (mission_id, equipment_id) VALUES (110, 249);
INSERT INTO Uses (mission_id, equipment_id) VALUES (231, 353);
INSERT INTO Uses (mission_id, equipment_id) VALUES (61, 15);
INSERT INTO Uses (mission_id, equipment_id) VALUES (226, 290);
INSERT INTO Uses (mission_id, equipment_id) VALUES (68, 251);
INSERT INTO Uses (mission_id, equipment_id) VALUES (234, 118);
INSERT INTO Uses (mission_id, equipment_id) VALUES (56, 136);
INSERT INTO Uses (mission_id, equipment_id) VALUES (384, 318);
INSERT INTO Uses (mission_id, equipment_id) VALUES (169, 179);
INSERT INTO Uses (mission_id, equipment_id) VALUES (87, 380);
INSERT INTO Uses (mission_id, equipment_id) VALUES (70, 60);
INSERT INTO Uses (mission_id, equipment_id) VALUES (175, 301);
INSERT INTO Uses (mission_id, equipment_id) VALUES (362, 376);
INSERT INTO Uses (mission_id, equipment_id) VALUES (37, 80);
INSERT INTO Uses (mission_id, equipment_id) VALUES (20, 56);
INSERT INTO Uses (mission_id, equipment_id) VALUES (12, 351);
INSERT INTO Uses (mission_id, equipment_id) VALUES (9, 347);
INSERT INTO Uses (mission_id, equipment_id) VALUES (117, 323);
INSERT INTO Uses (mission_id, equipment_id) VALUES (371, 382);
INSERT INTO Uses (mission_id, equipment_id) VALUES (245, 331);
INSERT INTO Uses (mission_id, equipment_id) VALUES (377, 189);
INSERT INTO Uses (mission_id, equipment_id) VALUES (315, 61);
INSERT INTO Uses (mission_id, equipment_id) VALUES (377, 293);
INSERT INTO Uses (mission_id, equipment_id) VALUES (320, 278);
INSERT INTO Uses (mission_id, equipment_id) VALUES (118, 377);
INSERT INTO Uses (mission_id, equipment_id) VALUES (280, 351);
INSERT INTO Uses (mission_id, equipment_id) VALUES (214, 328);
INSERT INTO Uses (mission_id, equipment_id) VALUES (77, 228);
INSERT INTO Uses (mission_id, equipment_id) VALUES (345, 228);
INSERT INTO Uses (mission_id, equipment_id) VALUES (198, 334);
INSERT INTO Uses (mission_id, equipment_id) VALUES (218, 82);
INSERT INTO Uses (mission_id, equipment_id) VALUES (208, 97);
INSERT INTO Uses (mission_id, equipment_id) VALUES (338, 148);
INSERT INTO Uses (mission_id, equipment_id) VALUES (249, 227);
INSERT INTO Uses (mission_id, equipment_id) VALUES (187, 372);
INSERT INTO Uses (mission_id, equipment_id) VALUES (78, 64);
INSERT INTO Uses (mission_id, equipment_id) VALUES (30, 128);
INSERT INTO Uses (mission_id, equipment_id) VALUES (341, 216);
INSERT INTO Uses (mission_id, equipment_id) VALUES (381, 155);
INSERT INTO Uses (mission_id, equipment_id) VALUES (41, 150);
